timestamp_utc,fps,processing_latency_ms,raw_gesture,raw_confidence,debounced_command,emitted_command,routed_command,current_mode
2026-05-28T14:06:04.366+00:00,1.49,31.17,,0.000,,,,Mode 1: X-Z Plane
2026-05-28T14:06:04.439+00:00,2.74,31.92,,0.000,,,,Mode 1: X-Z Plane
2026-05-28T14:06:04.487+00:00,4.43,38.13,,0.000,,,,Mode 1: X-Z Plane
2026-05-28T14:06:04.532+00:00,6.39,28.37,,0.000,,,,Mode 1: X-Z Plane
2026-05-28T14:06:04.568+00:00,8.32,30.10,,0.000,,,,Mode 1: X-Z Plane
2026-05-28T14:06:04.600+00:00,10.62,25.77,,0.000,,,,Mode 1: X-Z Plane
2026-05-28T14:06:04.658+00:00,11.27,25.58,,0.000,,,,Mode 1: X-Z Plane
2026-05-28T14:06:04.692+00:00,13.09,27.18,,0.000,,,,Mode 1: X-Z Plane
2026-05-28T14:06:04.731+00:00,14.37,30.30,,0.000,,,,Mode 1: X-Z Plane
2026-05-28T14:06:04.762+00:00,16.10,25.27,,0.000,,,,Mode 1: X-Z Plane
2026-05-28T14:06:04.800+00:00,17.13,31.23,,0.000,,,,Mode 1: X-Z Plane
2026-05-28T14:06:04.834+00:00,18.40,26.99,,0.000,,,,Mode 1: X-Z Plane
2026-05-28T14:06:04.891+00:00,18.32,25.72,,0.000,,,,Mode 1: X-Z Plane
2026-05-28T14:06:04.931+00:00,19.07,32.56,,0.000,,,,Mode 1: X-Z Plane
2026-05-28T14:06:04.969+00:00,19.67,31.61,,0.000,,,,Mode 1: X-Z Plane
2026-05-28T14:06:05.008+00:00,20.29,32.36,,0.000,,,,Mode 1: X-Z Plane
2026-05-28T14:06:05.062+00:00,20.15,28.13,,0.000,,,,Mode 1: X-Z Plane
2026-05-28T14:06:05.102+00:00,20.59,32.93,,0.000,,,,Mode 1: X-Z Plane
2026-05-28T14:06:05.139+00:00,21.36,29.16,,0.000,,,,Mode 1: X-Z Plane
2026-05-28T14:06:05.191+00:00,21.09,25.77,,0.000,,,,Mode 1: X-Z Plane
2026-05-28T14:06:05.230+00:00,21.54,32.85,,0.000,,,,Mode 1: X-Z Plane
2026-05-28T14:06:05.274+00:00,21.76,34.25,,0.000,,,,Mode 1: X-Z Plane
2026-05-28T14:06:05.312+00:00,22.22,29.28,,0.000,,,,Mode 1: X-Z Plane
2026-05-28T14:06:05.366+00:00,21.85,30.87,,0.000,,,,Mode 1: X-Z Plane
2026-05-28T14:06:05.407+00:00,21.98,34.36,,0.000,,,,Mode 1: X-Z Plane
2026-05-28T14:06:05.445+00:00,22.45,29.17,,0.000,,,,Mode 1: X-Z Plane
2026-05-28T14:06:05.498+00:00,22.09,32.28,,0.000,,,,Mode 1: X-Z Plane
2026-05-28T14:06:05.540+00:00,22.35,32.76,,0.000,,,,Mode 1: X-Z Plane
2026-05-28T14:06:05.597+00:00,21.85,30.80,,0.000,,,,Mode 1: X-Z Plane
2026-05-28T14:06:05.633+00:00,22.33,29.48,,0.000,,,,Mode 1: X-Z Plane
2026-05-28T14:06:05.667+00:00,23.03,26.74,,0.000,,,,Mode 1: X-Z Plane
2026-05-28T14:06:05.729+00:00,22.42,29.32,,0.000,,,,Mode 1: X-Z Plane
2026-05-28T14:06:05.770+00:00,22.47,33.64,,0.000,,,,Mode 1: X-Z Plane
2026-05-28T14:06:05.815+00:00,22.56,35.49,,0.000,,,,Mode 1: X-Z Plane
2026-05-28T14:06:05.861+00:00,22.49,29.69,,0.000,,,,Mode 1: X-Z Plane
2026-05-28T14:06:05.895+00:00,22.99,26.11,,0.000,,,,Mode 1: X-Z Plane
2026-05-28T14:06:05.937+00:00,23.22,32.26,,0.000,,,,Mode 1: X-Z Plane
2026-05-28T14:06:05.972+00:00,23.52,28.03,,0.000,,,,Mode 1: X-Z Plane
2026-05-28T14:06:06.026+00:00,23.13,26.58,,0.000,,,,Mode 1: X-Z Plane
2026-05-28T14:06:06.062+00:00,23.61,25.97,,0.000,,,,Mode 1: X-Z Plane
2026-05-28T14:06:06.106+00:00,23.42,36.82,,0.000,,,,Mode 1: X-Z Plane
2026-05-28T14:06:06.140+00:00,23.97,27.98,,0.000,,,,Mode 1: X-Z Plane
2026-05-28T14:06:06.198+00:00,23.44,28.86,,0.000,,,,Mode 1: X-Z Plane
2026-05-28T14:06:06.239+00:00,23.39,32.89,,0.000,,,,Mode 1: X-Z Plane
2026-05-28T14:06:06.276+00:00,23.62,29.76,,0.000,,,,Mode 1: X-Z Plane
2026-05-28T14:06:06.324+00:00,23.36,26.82,,0.000,,,,Mode 1: X-Z Plane
2026-05-28T14:06:06.364+00:00,23.51,34.12,,0.000,,,,Mode 1: X-Z Plane
2026-05-28T14:06:06.401+00:00,24.17,26.67,,0.000,,,,Mode 1: X-Z Plane
2026-05-28T14:06:06.459+00:00,23.38,29.61,,0.000,,,,Mode 1: X-Z Plane
2026-05-28T14:06:06.503+00:00,23.28,36.95,,0.000,,,,Mode 1: X-Z Plane
2026-05-28T14:06:06.539+00:00,23.76,29.45,,0.000,,,,Mode 1: X-Z Plane
2026-05-28T14:06:06.600+00:00,23.09,36.52,,0.000,,,,Mode 1: X-Z Plane
2026-05-28T14:06:06.639+00:00,23.17,32.54,,0.000,,,,Mode 1: X-Z Plane
2026-05-28T14:06:06.689+00:00,22.86,28.17,,0.000,,,,Mode 1: X-Z Plane
2026-05-28T14:06:06.724+00:00,23.44,27.08,,0.000,,,,Mode 1: X-Z Plane
2026-05-28T14:06:06.759+00:00,23.93,28.39,,0.000,,,,Mode 1: X-Z Plane
2026-05-28T14:06:06.798+00:00,24.29,29.17,,0.000,,,,Mode 1: X-Z Plane
2026-05-28T14:06:06.832+00:00,24.60,27.51,,0.000,,,,Mode 1: X-Z Plane
2026-05-28T14:06:06.868+00:00,24.90,29.87,,0.000,,,,Mode 1: X-Z Plane
2026-05-28T14:06:06.924+00:00,24.22,26.86,,0.000,,,,Mode 1: X-Z Plane
2026-05-28T14:06:06.959+00:00,24.61,29.12,,0.000,,,,Mode 1: X-Z Plane
2026-05-28T14:06:06.992+00:00,25.23,25.79,,0.000,,,,Mode 1: X-Z Plane
2026-05-28T14:06:07.024+00:00,25.74,26.59,,0.000,,,,Mode 1: X-Z Plane
2026-05-28T14:06:07.060+00:00,26.08,28.08,,0.000,,,,Mode 1: X-Z Plane
2026-05-28T14:06:07.092+00:00,26.48,25.65,,0.000,,,,Mode 1: X-Z Plane
2026-05-28T14:06:07.126+00:00,26.84,25.83,,0.000,,,,Mode 1: X-Z Plane
2026-05-28T14:06:07.159+00:00,27.15,26.25,,0.000,,,,Mode 1: X-Z Plane
2026-05-28T14:06:07.192+00:00,27.46,26.07,,0.000,,,,Mode 1: X-Z Plane
2026-05-28T14:06:07.224+00:00,27.88,24.94,,0.000,,,,Mode 1: X-Z Plane
2026-05-28T14:06:07.257+00:00,28.06,26.75,,0.000,,,,Mode 1: X-Z Plane
2026-05-28T14:06:07.299+00:00,27.65,35.45,,0.000,,,,Mode 1: X-Z Plane
2026-05-28T14:06:07.338+00:00,27.42,32.84,,0.000,,,,Mode 1: X-Z Plane
2026-05-28T14:06:07.390+00:00,26.61,29.24,,0.000,,,,Mode 1: X-Z Plane
2026-05-28T14:06:07.433+00:00,26.26,34.10,,0.000,,,,Mode 1: X-Z Plane
2026-05-28T14:06:07.466+00:00,26.68,26.68,,0.000,,,,Mode 1: X-Z Plane
2026-05-28T14:06:07.523+00:00,25.76,30.55,,0.000,,,,Mode 1: X-Z Plane
2026-05-28T14:06:07.557+00:00,26.18,26.98,,0.000,,,,Mode 1: X-Z Plane
2026-05-28T14:06:07.594+00:00,26.25,29.17,,0.000,,,,Mode 1: X-Z Plane
2026-05-28T14:06:07.628+00:00,26.60,26.49,,0.000,,,,Mode 1: X-Z Plane
2026-05-28T14:06:07.690+00:00,25.59,27.29,,0.000,,,,Mode 1: X-Z Plane
2026-05-28T14:06:07.727+00:00,25.84,26.92,,0.000,,,,Mode 1: X-Z Plane
2026-05-28T14:06:07.763+00:00,26.02,26.77,,0.000,,,,Mode 1: X-Z Plane
2026-05-28T14:06:07.802+00:00,25.96,29.99,,0.000,,,,Mode 1: X-Z Plane
2026-05-28T14:06:07.859+00:00,25.10,27.94,,0.000,,,,Mode 1: X-Z Plane
2026-05-28T14:06:07.902+00:00,24.90,32.24,,0.000,,,,Mode 1: X-Z Plane
2026-05-28T14:06:07.944+00:00,24.84,32.37,,0.000,,,,Mode 1: X-Z Plane
2026-05-28T14:06:07.988+00:00,24.47,27.73,,0.000,,,,Mode 1: X-Z Plane
2026-05-28T14:06:08.029+00:00,24.63,31.95,,0.000,,,,Mode 1: X-Z Plane
2026-05-28T14:06:08.069+00:00,24.66,31.34,,0.000,,,,Mode 1: X-Z Plane
2026-05-28T14:06:08.124+00:00,23.94,31.26,,0.000,,,,Mode 1: X-Z Plane
2026-05-28T14:06:08.163+00:00,24.11,32.37,,0.000,,,,Mode 1: X-Z Plane
2026-05-28T14:06:08.202+00:00,24.35,31.27,,0.000,,,,Mode 1: X-Z Plane
2026-05-28T14:06:08.252+00:00,23.86,27.47,,0.000,,,,Mode 1: X-Z Plane
2026-05-28T14:06:08.293+00:00,24.06,30.17,,0.000,,,,Mode 1: X-Z Plane
2026-05-28T14:06:08.332+00:00,24.10,30.98,,0.000,,,,Mode 1: X-Z Plane
2026-05-28T14:06:08.389+00:00,23.45,27.90,,0.000,,,,Mode 1: X-Z Plane
2026-05-28T14:06:08.428+00:00,23.83,30.39,,0.000,,,,Mode 1: X-Z Plane
2026-05-28T14:06:08.470+00:00,23.79,33.68,,0.000,,,,Mode 1: X-Z Plane
2026-05-28T14:06:08.520+00:00,23.33,27.31,,0.000,,,,Mode 1: X-Z Plane
2026-05-28T14:06:08.554+00:00,23.93,27.31,,0.000,,,,Mode 1: X-Z Plane
2026-05-28T14:06:08.590+00:00,24.29,29.87,,0.000,,,,Mode 1: X-Z Plane
2026-05-28T14:06:08.629+00:00,24.47,31.23,,0.000,,,,Mode 1: X-Z Plane
2026-05-28T14:06:08.669+00:00,24.50,33.83,,0.000,,,,Mode 1: X-Z Plane
2026-05-28T14:06:08.727+00:00,23.87,31.33,,0.000,,,,Mode 1: X-Z Plane
2026-05-28T14:06:08.764+00:00,23.98,30.42,,0.000,,,,Mode 1: X-Z Plane
2026-05-28T14:06:08.824+00:00,23.31,29.36,,0.000,,,,Mode 1: X-Z Plane
2026-05-28T14:06:08.867+00:00,23.21,34.48,,0.000,,,,Mode 1: X-Z Plane
2026-05-28T14:06:08.905+00:00,23.70,29.46,,0.000,,,,Mode 1: X-Z Plane
2026-05-28T14:06:08.958+00:00,23.22,30.66,,0.000,,,,Mode 1: X-Z Plane
2026-05-28T14:06:09.002+00:00,23.16,34.72,,0.000,,,,Mode 1: X-Z Plane
2026-05-28T14:06:09.058+00:00,22.64,30.53,,0.000,,,,Mode 1: X-Z Plane
2026-05-28T14:06:09.092+00:00,23.10,28.00,,0.000,,,,Mode 1: X-Z Plane
2026-05-28T14:06:09.131+00:00,23.57,28.93,,0.000,,,,Mode 1: X-Z Plane
2026-05-28T14:06:09.168+00:00,23.88,27.57,,0.000,,,,Mode 1: X-Z Plane
2026-05-28T14:06:09.221+00:00,23.29,28.08,,0.000,,,,Mode 1: X-Z Plane
2026-05-28T14:06:09.262+00:00,23.47,33.30,,0.000,,,,Mode 1: X-Z Plane
2026-05-28T14:06:09.303+00:00,23.63,32.85,,0.000,,,,Mode 1: X-Z Plane
2026-05-28T14:06:09.355+00:00,23.21,27.52,,0.000,,,,Mode 1: X-Z Plane
2026-05-28T14:06:09.395+00:00,23.39,30.77,,0.000,,,,Mode 1: X-Z Plane
2026-05-28T14:06:09.437+00:00,23.40,33.05,,0.000,,,,Mode 1: X-Z Plane
2026-05-28T14:06:09.487+00:00,23.05,28.21,,0.000,,,,Mode 1: X-Z Plane
2026-05-28T14:06:09.533+00:00,22.96,36.26,,0.000,,,,Mode 1: X-Z Plane
2026-05-28T14:06:09.569+00:00,23.40,26.92,,0.000,,,,Mode 1: X-Z Plane
2026-05-28T14:06:09.628+00:00,22.76,32.85,,0.000,,,,Mode 1: X-Z Plane
2026-05-28T14:06:09.669+00:00,22.91,32.00,,0.000,,,,Mode 1: X-Z Plane
2026-05-28T14:06:09.723+00:00,22.40,30.32,,0.000,,,,Mode 1: X-Z Plane
2026-05-28T14:06:09.757+00:00,23.13,26.77,,0.000,,,,Mode 1: X-Z Plane
2026-05-28T14:06:09.794+00:00,23.58,29.97,,0.000,,,,Mode 1: X-Z Plane
2026-05-28T14:06:09.831+00:00,23.84,30.76,,0.000,,,,Mode 1: X-Z Plane
2026-05-28T14:06:09.884+00:00,23.33,27.80,,0.000,,,,Mode 1: X-Z Plane
2026-05-28T14:06:09.921+00:00,23.70,30.97,,0.000,,,,Mode 1: X-Z Plane
2026-05-28T14:06:09.955+00:00,24.35,27.03,,0.000,,,,Mode 1: X-Z Plane
2026-05-28T14:06:09.991+00:00,24.83,28.00,,0.000,,,,Mode 1: X-Z Plane
2026-05-28T14:06:10.027+00:00,25.04,28.81,,0.000,,,,Mode 1: X-Z Plane
2026-05-28T14:06:10.083+00:00,24.28,26.68,,0.000,,,,Mode 1: X-Z Plane
2026-05-28T14:06:10.116+00:00,24.91,26.63,,0.000,,,,Mode 1: X-Z Plane
2026-05-28T14:06:10.155+00:00,25.07,29.19,,0.000,,,,Mode 1: X-Z Plane
2026-05-28T14:06:10.192+00:00,25.22,30.16,,0.000,,,,Mode 1: X-Z Plane
2026-05-28T14:06:10.227+00:00,25.56,27.81,,0.000,,,,Mode 1: X-Z Plane
2026-05-28T14:06:10.286+00:00,24.68,29.49,,0.000,,,,Mode 1: X-Z Plane
2026-05-28T14:06:10.324+00:00,25.06,28.99,,0.000,,,,Mode 1: X-Z Plane
2026-05-28T14:06:10.360+00:00,25.32,26.75,,0.000,,,,Mode 1: X-Z Plane
2026-05-28T14:06:10.396+00:00,25.40,29.37,,0.000,,,,Mode 1: X-Z Plane
2026-05-28T14:06:10.453+00:00,24.66,26.58,,0.000,,,,Mode 1: X-Z Plane
2026-05-28T14:06:10.486+00:00,25.10,26.24,,0.000,,,,Mode 1: X-Z Plane
2026-05-28T14:06:10.520+00:00,25.50,28.31,,0.000,,,,Mode 1: X-Z Plane
2026-05-28T14:06:10.557+00:00,25.68,30.35,,0.000,,,,Mode 1: X-Z Plane
2026-05-28T14:06:10.589+00:00,26.19,25.67,,0.000,,,,Mode 1: X-Z Plane
2026-05-28T14:06:10.622+00:00,26.64,26.04,,0.000,,,,Mode 1: X-Z Plane
2026-05-28T14:06:10.654+00:00,27.10,25.63,,0.000,,,,Mode 1: X-Z Plane
2026-05-28T14:06:10.691+00:00,27.07,30.59,,0.000,,,,Mode 1: X-Z Plane
2026-05-28T14:06:10.723+00:00,27.48,25.52,,0.000,,,,Mode 1: X-Z Plane
2026-05-28T14:06:10.790+00:00,26.23,33.29,,0.000,,,,Mode 1: X-Z Plane
2026-05-28T14:06:10.823+00:00,26.70,25.88,,0.000,,,,Mode 1: X-Z Plane
2026-05-28T14:06:10.858+00:00,26.87,26.42,,0.000,,,,Mode 1: X-Z Plane
2026-05-28T14:06:10.917+00:00,25.87,28.16,,0.000,,,,Mode 1: X-Z Plane
2026-05-28T14:06:10.952+00:00,26.12,29.13,,0.000,,,,Mode 1: X-Z Plane
2026-05-28T14:06:10.989+00:00,26.20,31.05,,0.000,,,,Mode 1: X-Z Plane
2026-05-28T14:06:11.030+00:00,26.19,31.92,,0.000,,,,Mode 1: X-Z Plane
2026-05-28T14:06:11.070+00:00,26.06,30.85,,0.000,,,,Mode 1: X-Z Plane
2026-05-28T14:06:11.121+00:00,25.40,30.36,,0.000,,,,Mode 1: X-Z Plane
2026-05-28T14:06:11.159+00:00,25.40,28.86,,0.000,,,,Mode 1: X-Z Plane
2026-05-28T14:06:11.219+00:00,24.52,29.99,,0.000,,,,Mode 1: X-Z Plane
2026-05-28T14:06:11.253+00:00,25.03,27.77,,0.000,,,,Mode 1: X-Z Plane
2026-05-28T14:06:11.289+00:00,25.29,30.08,,0.000,,,,Mode 1: X-Z Plane
2026-05-28T14:06:11.331+00:00,25.30,32.13,,0.000,,,,Mode 1: X-Z Plane
2026-05-28T14:06:11.365+00:00,25.47,28.33,,0.000,,,,Mode 1: X-Z Plane
2026-05-28T14:06:11.418+00:00,24.91,26.80,,0.000,,,,Mode 1: X-Z Plane
2026-05-28T14:06:11.455+00:00,24.97,30.61,,0.000,,,,Mode 1: X-Z Plane
2026-05-28T14:06:11.489+00:00,25.34,26.89,,0.000,,,,Mode 1: X-Z Plane
2026-05-28T14:06:11.548+00:00,24.54,26.49,,0.000,,,,Mode 1: X-Z Plane
2026-05-28T14:06:11.584+00:00,24.81,30.12,,0.000,,,,Mode 1: X-Z Plane
2026-05-28T14:06:11.624+00:00,24.92,32.63,,0.000,,,,Mode 1: X-Z Plane
2026-05-28T14:06:11.664+00:00,25.07,28.97,,0.000,,,,Mode 1: X-Z Plane
2026-05-28T14:06:11.718+00:00,24.38,26.61,,0.000,,,,Mode 1: X-Z Plane
2026-05-28T14:06:11.759+00:00,24.39,32.54,,0.000,,,,Mode 1: X-Z Plane
2026-05-28T14:06:11.793+00:00,24.86,25.06,,0.000,,,,Mode 1: X-Z Plane
2026-05-28T14:06:11.855+00:00,23.98,32.26,,0.000,,,,Mode 1: X-Z Plane
2026-05-28T14:06:11.898+00:00,23.95,33.81,,0.000,,,,Mode 1: X-Z Plane
2026-05-28T14:06:11.955+00:00,23.28,32.52,,0.000,,,,Mode 1: X-Z Plane
2026-05-28T14:06:11.996+00:00,23.47,31.27,,0.000,,,,Mode 1: X-Z Plane
2026-05-28T14:06:12.052+00:00,22.87,29.38,,0.000,,,,Mode 1: X-Z Plane
2026-05-28T14:06:12.091+00:00,23.16,30.42,,0.000,,,,Mode 1: X-Z Plane
2026-05-28T14:06:12.131+00:00,23.22,33.12,,0.000,,,,Mode 1: X-Z Plane
2026-05-28T14:06:12.188+00:00,22.73,33.05,,0.000,,,,Mode 1: X-Z Plane
2026-05-28T14:06:12.225+00:00,23.17,28.06,,0.000,,,,Mode 1: X-Z Plane
2026-05-28T14:06:12.285+00:00,22.50,30.28,,0.000,,,,Mode 1: X-Z Plane
2026-05-28T14:06:12.328+00:00,22.64,33.44,,0.000,,,,Mode 1: X-Z Plane
2026-05-28T14:06:12.369+00:00,22.80,32.41,,0.000,,,,Mode 1: X-Z Plane
2026-05-28T14:06:12.419+00:00,22.48,32.43,,0.000,,,,Mode 1: X-Z Plane
2026-05-28T14:06:12.454+00:00,23.13,26.19,,0.000,,,,Mode 1: X-Z Plane
2026-05-28T14:06:12.493+00:00,23.38,30.23,,0.000,,,,Mode 1: X-Z Plane
2026-05-28T14:06:12.528+00:00,23.94,25.82,,0.000,,,,Mode 1: X-Z Plane
2026-05-28T14:06:12.568+00:00,23.87,15.49,,0.000,,,,Mode 1: X-Z Plane
2026-05-28T14:06:12.602+00:00,24.61,15.52,,0.000,,,,Mode 1: X-Z Plane
2026-05-28T14:06:12.652+00:00,24.16,29.21,,0.000,,,,Mode 1: X-Z Plane
2026-05-28T14:06:12.691+00:00,24.33,29.83,Open_Palm,0.565,,,,Mode 1: X-Z Plane
2026-05-28T14:06:12.713+00:00,26.00,15.07,Open_Palm,0.558,,,,Mode 1: X-Z Plane
2026-05-28T14:06:12.767+00:00,25.31,12.56,Open_Palm,0.557,,,,Mode 1: X-Z Plane
2026-05-28T14:06:12.803+00:00,25.64,15.54,Open_Palm,0.508,,,,Mode 1: X-Z Plane
2026-05-28T14:06:12.836+00:00,26.04,13.25,Open_Palm,0.496,,,,Mode 1: X-Z Plane
2026-05-28T14:06:12.871+00:00,26.37,15.35,Open_Palm,0.502,,,,Mode 1: X-Z Plane
2026-05-28T14:06:12.903+00:00,26.84,15.58,None,0.531,,,,Mode 1: X-Z Plane
2026-05-28T14:06:12.937+00:00,27.02,14.48,None,0.570,,,,Mode 1: X-Z Plane
2026-05-28T14:06:12.968+00:00,27.62,12.75,None,0.568,,,,Mode 1: X-Z Plane
2026-05-28T14:06:12.998+00:00,27.94,13.27,None,0.581,,,,Mode 1: X-Z Plane
2026-05-28T14:06:13.033+00:00,27.97,12.65,None,0.585,,,,Mode 1: X-Z Plane
2026-05-28T14:06:13.065+00:00,28.31,12.45,None,0.567,,,,Mode 1: X-Z Plane
2026-05-28T14:06:13.096+00:00,28.68,11.71,None,0.596,,,,Mode 1: X-Z Plane
2026-05-28T14:06:13.132+00:00,28.87,12.24,None,0.602,,,,Mode 1: X-Z Plane
2026-05-28T14:06:13.168+00:00,28.70,13.22,None,0.585,,,,Mode 1: X-Z Plane
2026-05-28T14:06:13.198+00:00,28.96,13.16,None,0.570,,,,Mode 1: X-Z Plane
2026-05-28T14:06:13.230+00:00,29.25,12.56,None,0.561,,,,Mode 1: X-Z Plane
2026-05-28T14:06:13.268+00:00,28.89,15.40,None,0.563,,,,Mode 1: X-Z Plane
2026-05-28T14:06:13.300+00:00,29.18,15.08,None,0.559,,,,Mode 1: X-Z Plane
2026-05-28T14:06:13.332+00:00,29.39,15.05,None,0.568,,,,Mode 1: X-Z Plane
2026-05-28T14:06:13.368+00:00,29.20,15.32,None,0.567,,,,Mode 1: X-Z Plane
2026-05-28T14:06:13.398+00:00,29.64,13.12,None,0.567,,,,Mode 1: X-Z Plane
2026-05-28T14:06:13.435+00:00,29.51,14.56,None,0.565,,,,Mode 1: X-Z Plane
2026-05-28T14:06:13.468+00:00,29.62,13.05,None,0.555,,,,Mode 1: X-Z Plane
2026-05-28T14:06:13.500+00:00,29.81,12.77,None,0.554,,,,Mode 1: X-Z Plane
2026-05-28T14:06:13.532+00:00,29.96,12.73,None,0.566,,,,Mode 1: X-Z Plane
2026-05-28T14:06:13.568+00:00,29.72,12.99,None,0.570,,,,Mode 1: X-Z Plane
2026-05-28T14:06:13.610+00:00,29.16,22.52,None,0.564,,,,Mode 1: X-Z Plane
2026-05-28T14:06:13.635+00:00,30.22,15.09,None,0.556,,,,Mode 1: X-Z Plane
2026-05-28T14:06:13.670+00:00,30.00,15.31,None,0.576,,,,Mode 1: X-Z Plane
2026-05-28T14:06:13.702+00:00,30.14,15.27,None,0.566,,,,Mode 1: X-Z Plane
2026-05-28T14:06:13.734+00:00,30.25,15.32,None,0.575,,,,Mode 1: X-Z Plane
2026-05-28T14:06:13.771+00:00,29.97,15.60,None,0.572,,,,Mode 1: X-Z Plane
2026-05-28T14:06:13.802+00:00,30.14,15.22,None,0.552,,,,Mode 1: X-Z Plane
2026-05-28T14:06:13.834+00:00,30.24,15.33,None,0.562,,,,Mode 1: X-Z Plane
2026-05-28T14:06:13.870+00:00,29.99,15.36,None,0.554,,,,Mode 1: X-Z Plane
2026-05-28T14:06:13.902+00:00,30.11,15.42,None,0.560,,,,Mode 1: X-Z Plane
2026-05-28T14:06:13.934+00:00,30.25,15.24,None,0.563,,,,Mode 1: X-Z Plane
2026-05-28T14:06:13.965+00:00,30.22,12.58,None,0.570,,,,Mode 1: X-Z Plane
2026-05-28T14:06:14.002+00:00,30.09,15.15,None,0.551,,,,Mode 1: X-Z Plane
2026-05-28T14:06:14.031+00:00,30.52,12.32,None,0.541,,,,Mode 1: X-Z Plane
2026-05-28T14:06:14.067+00:00,30.29,15.62,None,0.556,,,,Mode 1: X-Z Plane
2026-05-28T14:06:14.101+00:00,30.18,13.91,None,0.539,,,,Mode 1: X-Z Plane
2026-05-28T14:06:14.135+00:00,30.11,15.77,None,0.561,,,,Mode 1: X-Z Plane
2026-05-28T14:06:14.166+00:00,30.25,15.30,None,0.546,,,,Mode 1: X-Z Plane
2026-05-28T14:06:14.202+00:00,30.04,15.07,None,0.551,,,,Mode 1: X-Z Plane
2026-05-28T14:06:14.234+00:00,30.18,14.89,None,0.543,,,,Mode 1: X-Z Plane
2026-05-28T14:06:14.262+00:00,30.44,13.35,None,0.557,,,,Mode 1: X-Z Plane
2026-05-28T14:06:14.298+00:00,30.21,12.91,None,0.548,,,,Mode 1: X-Z Plane
2026-05-28T14:06:14.329+00:00,30.38,12.29,None,0.557,,,,Mode 1: X-Z Plane
2026-05-28T14:06:14.361+00:00,30.48,12.00,None,0.556,,,,Mode 1: X-Z Plane
2026-05-28T14:06:14.399+00:00,30.20,12.24,None,0.548,,,,Mode 1: X-Z Plane
2026-05-28T14:06:14.429+00:00,30.31,12.16,None,0.552,,,,Mode 1: X-Z Plane
2026-05-28T14:06:14.463+00:00,30.42,11.80,None,0.549,,,,Mode 1: X-Z Plane
2026-05-28T14:06:14.502+00:00,29.91,15.47,None,0.546,,,,Mode 1: X-Z Plane
2026-05-28T14:06:14.533+00:00,30.06,15.39,None,0.552,,,,Mode 1: X-Z Plane
2026-05-28T14:06:14.565+00:00,30.29,14.14,None,0.542,,,,Mode 1: X-Z Plane
2026-05-28T14:06:14.602+00:00,29.96,15.35,None,0.550,,,,Mode 1: X-Z Plane
2026-05-28T14:06:14.632+00:00,30.37,12.70,None,0.553,,,,Mode 1: X-Z Plane
2026-05-28T14:06:14.661+00:00,30.51,12.03,None,0.551,,,,Mode 1: X-Z Plane
2026-05-28T14:06:14.698+00:00,30.17,13.03,None,0.548,,,,Mode 1: X-Z Plane
2026-05-28T14:06:14.731+00:00,30.31,12.79,None,0.555,,,,Mode 1: X-Z Plane
2026-05-28T14:06:14.761+00:00,30.45,12.23,None,0.558,,,,Mode 1: X-Z Plane
2026-05-28T14:06:14.797+00:00,30.17,12.49,None,0.551,,,,Mode 1: X-Z Plane
2026-05-28T14:06:14.829+00:00,30.28,12.41,None,0.554,,,,Mode 1: X-Z Plane
2026-05-28T14:06:14.863+00:00,30.27,13.33,None,0.545,,,,Mode 1: X-Z Plane
2026-05-28T14:06:14.895+00:00,30.42,12.97,None,0.533,,,,Mode 1: X-Z Plane
2026-05-28T14:06:14.929+00:00,30.22,12.23,None,0.546,,,,Mode 1: X-Z Plane
2026-05-28T14:06:14.961+00:00,30.34,11.90,None,0.533,,,,Mode 1: X-Z Plane
2026-05-28T14:06:14.993+00:00,30.47,11.55,None,0.541,,,,Mode 1: X-Z Plane
2026-05-28T14:06:15.032+00:00,29.93,15.62,None,0.535,,,,Mode 1: X-Z Plane
2026-05-28T14:06:15.063+00:00,30.27,13.49,None,0.529,,,,Mode 1: X-Z Plane
2026-05-28T14:06:15.093+00:00,30.55,11.73,None,0.546,,,,Mode 1: X-Z Plane
2026-05-28T14:06:15.129+00:00,30.25,12.15,None,0.517,,,,Mode 1: X-Z Plane
2026-05-28T14:06:15.161+00:00,30.37,11.77,None,0.535,,,,Mode 1: X-Z Plane
2026-05-28T14:06:15.195+00:00,30.49,11.50,None,0.525,,,,Mode 1: X-Z Plane
2026-05-28T14:06:15.235+00:00,29.94,15.57,None,0.496,,,,Mode 1: X-Z Plane
2026-05-28T14:06:15.261+00:00,30.45,12.07,Open_Palm,0.499,,,,Mode 1: X-Z Plane
2026-05-28T14:06:15.295+00:00,30.58,11.52,Open_Palm,0.499,,,,Mode 1: X-Z Plane
2026-05-28T14:06:15.332+00:00,30.25,12.28,Open_Palm,0.503,,,,Mode 1: X-Z Plane
2026-05-28T14:06:15.362+00:00,30.27,12.91,Open_Palm,0.548,,,,Mode 1: X-Z Plane
2026-05-28T14:06:15.396+00:00,30.25,14.38,Open_Palm,0.553,,,,Mode 1: X-Z Plane
2026-05-28T14:06:15.429+00:00,30.19,12.17,Open_Palm,0.561,,,,Mode 1: X-Z Plane
2026-05-28T14:06:15.461+00:00,30.36,11.39,Open_Palm,0.575,,,,Mode 1: X-Z Plane
2026-05-28T14:06:15.493+00:00,30.46,11.28,Open_Palm,0.576,,,,Mode 1: X-Z Plane
2026-05-28T14:06:15.530+00:00,30.08,12.93,Open_Palm,0.585,,,,Mode 1: X-Z Plane
2026-05-28T14:06:15.565+00:00,30.17,13.21,Open_Palm,0.574,,,,Mode 1: X-Z Plane
2026-05-28T14:06:15.593+00:00,30.45,11.51,Open_Palm,0.586,,,,Mode 1: X-Z Plane
2026-05-28T14:06:15.629+00:00,30.13,12.16,Open_Palm,0.579,,,,Mode 1: X-Z Plane
2026-05-28T14:06:15.661+00:00,30.31,11.40,Open_Palm,0.589,,,,Mode 1: X-Z Plane
2026-05-28T14:06:15.693+00:00,30.42,11.28,Open_Palm,0.585,,,,Mode 1: X-Z Plane
2026-05-28T14:06:15.724+00:00,30.51,11.32,Open_Palm,0.590,,,,Mode 1: X-Z Plane
2026-05-28T14:06:15.761+00:00,30.21,11.54,Open_Palm,0.585,,,,Mode 1: X-Z Plane
2026-05-28T14:06:15.792+00:00,30.34,11.32,Open_Palm,0.583,,,,Mode 1: X-Z Plane
2026-05-28T14:06:15.826+00:00,30.38,11.83,Open_Palm,0.587,,,,Mode 1: X-Z Plane
2026-05-28T14:06:15.864+00:00,30.03,12.91,Open_Palm,0.588,,,,Mode 1: X-Z Plane
2026-05-28T14:06:15.895+00:00,30.33,11.32,Open_Palm,0.592,,,,Mode 1: X-Z Plane
2026-05-28T14:06:15.924+00:00,30.42,11.36,Open_Palm,0.592,,,,Mode 1: X-Z Plane
2026-05-28T14:06:15.966+00:00,29.89,14.92,Open_Palm,0.591,,,,Mode 1: X-Z Plane
2026-05-28T14:06:15.995+00:00,30.39,11.81,Open_Palm,0.588,,,,Mode 1: X-Z Plane
2026-05-28T14:06:16.027+00:00,30.44,12.08,Open_Palm,0.593,,,,Mode 1: X-Z Plane
2026-05-28T14:06:16.067+00:00,29.95,15.30,Open_Palm,0.598,,,,Mode 1: X-Z Plane
2026-05-28T14:06:16.098+00:00,30.15,14.67,Open_Palm,0.596,,,,Mode 1: X-Z Plane
2026-05-28T14:06:16.130+00:00,30.28,14.48,Open_Palm,0.591,,,,Mode 1: X-Z Plane
2026-05-28T14:06:16.162+00:00,30.18,12.53,Open_Palm,0.590,,,,Mode 1: X-Z Plane
2026-05-28T14:06:16.195+00:00,30.33,12.23,Open_Palm,0.592,,,,Mode 1: X-Z Plane
2026-05-28T14:06:16.231+00:00,30.16,15.13,Open_Palm,0.589,,,,Mode 1: X-Z Plane
2026-05-28T14:06:16.262+00:00,30.13,12.55,Open_Palm,0.595,,,,Mode 1: X-Z Plane
2026-05-28T14:06:16.294+00:00,30.28,12.22,Open_Palm,0.598,,,,Mode 1: X-Z Plane
2026-05-28T14:06:16.325+00:00,30.40,12.01,Open_Palm,0.605,,,,Mode 1: X-Z Plane
2026-05-28T14:06:16.361+00:00,30.14,11.94,Open_Palm,0.611,,,,Mode 1: X-Z Plane
2026-05-28T14:06:16.393+00:00,30.28,11.60,Open_Palm,0.602,,,,Mode 1: X-Z Plane
2026-05-28T14:06:16.425+00:00,30.39,11.56,Open_Palm,0.611,,,,Mode 1: X-Z Plane
2026-05-28T14:06:16.464+00:00,30.11,11.76,Open_Palm,0.610,STEP_X_NEG,STEP_X_NEG,STEP_X_NEG,Mode 1: X-Z Plane
2026-05-28T14:06:16.494+00:00,30.19,12.12,Open_Palm,0.614,STEP_X_NEG,,STEP_X_NEG,Mode 1: X-Z Plane
2026-05-28T14:06:16.526+00:00,30.26,12.54,Open_Palm,0.613,STEP_X_NEG,,STEP_X_NEG,Mode 1: X-Z Plane
2026-05-28T14:06:16.557+00:00,30.41,12.02,Open_Palm,0.611,STEP_X_NEG,,STEP_X_NEG,Mode 1: X-Z Plane
2026-05-28T14:06:16.594+00:00,30.19,11.35,Open_Palm,0.615,STEP_X_NEG,,STEP_X_NEG,Mode 1: X-Z Plane
2026-05-28T14:06:16.625+00:00,30.31,11.35,Open_Palm,0.620,STEP_X_NEG,,STEP_X_NEG,Mode 1: X-Z Plane
2026-05-28T14:06:16.657+00:00,30.33,11.81,Open_Palm,0.614,STEP_X_NEG,,STEP_X_NEG,Mode 1: X-Z Plane
2026-05-28T14:06:16.696+00:00,29.93,13.94,Open_Palm,0.616,STEP_X_NEG,,STEP_X_NEG,Mode 1: X-Z Plane
2026-05-28T14:06:16.729+00:00,30.28,11.94,Open_Palm,0.616,STEP_X_NEG,,STEP_X_NEG,Mode 1: X-Z Plane
2026-05-28T14:06:16.761+00:00,30.36,11.95,Open_Palm,0.614,STEP_X_NEG,,STEP_X_NEG,Mode 1: X-Z Plane
2026-05-28T14:06:16.796+00:00,30.15,11.48,Open_Palm,0.616,STEP_X_NEG,,STEP_X_NEG,Mode 1: X-Z Plane
2026-05-28T14:06:16.831+00:00,29.95,15.05,Open_Palm,0.613,STEP_X_NEG,,STEP_X_NEG,Mode 1: X-Z Plane
2026-05-28T14:06:16.863+00:00,30.06,15.20,Open_Palm,0.615,STEP_X_NEG,,STEP_X_NEG,Mode 1: X-Z Plane
2026-05-28T14:06:16.898+00:00,29.84,15.22,Open_Palm,0.619,STEP_X_NEG,,STEP_X_NEG,Mode 1: X-Z Plane
2026-05-28T14:06:16.926+00:00,30.34,11.79,Open_Palm,0.619,STEP_X_NEG,,STEP_X_NEG,Mode 1: X-Z Plane
2026-05-28T14:06:16.958+00:00,30.39,12.14,Open_Palm,0.620,STEP_X_NEG,,STEP_X_NEG,Mode 1: X-Z Plane
2026-05-28T14:06:16.996+00:00,29.95,14.69,Open_Palm,0.609,STEP_X_NEG,,STEP_X_NEG,Mode 1: X-Z Plane
2026-05-28T14:06:17.028+00:00,30.28,12.82,Open_Palm,0.611,STEP_X_NEG,,STEP_X_NEG,Mode 1: X-Z Plane
2026-05-28T14:06:17.058+00:00,30.44,12.16,Open_Palm,0.617,STEP_X_NEG,,STEP_X_NEG,Mode 1: X-Z Plane
2026-05-28T14:06:17.096+00:00,30.21,11.73,Open_Palm,0.627,STEP_X_NEG,,STEP_X_NEG,Mode 1: X-Z Plane
2026-05-28T14:06:17.128+00:00,30.31,11.80,Open_Palm,0.633,STEP_X_NEG,,STEP_X_NEG,Mode 1: X-Z Plane
2026-05-28T14:06:17.161+00:00,30.34,12.27,Open_Palm,0.623,STEP_X_NEG,,STEP_X_NEG,Mode 1: X-Z Plane
2026-05-28T14:06:17.197+00:00,29.86,15.66,Open_Palm,0.619,STEP_X_NEG,,STEP_X_NEG,Mode 1: X-Z Plane
2026-05-28T14:06:17.229+00:00,30.03,15.29,Open_Palm,0.631,STEP_X_NEG,,STEP_X_NEG,Mode 1: X-Z Plane
2026-05-28T14:06:17.259+00:00,30.39,12.93,Open_Palm,0.622,STEP_X_NEG,,STEP_X_NEG,Mode 1: X-Z Plane
2026-05-28T14:06:17.294+00:00,30.26,11.32,Open_Palm,0.634,STEP_X_NEG,,STEP_X_NEG,Mode 1: X-Z Plane
2026-05-28T14:06:17.326+00:00,30.31,11.87,Open_Palm,0.629,STEP_X_NEG,,STEP_X_NEG,Mode 1: X-Z Plane
2026-05-28T14:06:17.365+00:00,29.97,17.01,Open_Palm,0.628,STEP_X_NEG,,STEP_X_NEG,Mode 1: X-Z Plane
2026-05-28T14:06:17.393+00:00,30.31,15.06,Open_Palm,0.635,STEP_X_NEG,,STEP_X_NEG,Mode 1: X-Z Plane
2026-05-28T14:06:17.428+00:00,30.06,14.90,Open_Palm,0.631,STEP_X_NEG,,STEP_X_NEG,Mode 1: X-Z Plane
2026-05-28T14:06:17.458+00:00,30.48,12.12,Open_Palm,0.631,STEP_X_NEG,,STEP_X_NEG,Mode 1: X-Z Plane
2026-05-28T14:06:17.490+00:00,30.50,12.75,Open_Palm,0.627,STEP_X_NEG,,STEP_X_NEG,Mode 1: X-Z Plane
2026-05-28T14:06:17.529+00:00,30.03,15.41,Open_Palm,0.636,STEP_X_NEG,,STEP_X_NEG,Mode 1: X-Z Plane
2026-05-28T14:06:17.558+00:00,30.48,12.18,Open_Palm,0.634,STEP_X_NEG,,STEP_X_NEG,Mode 1: X-Z Plane
2026-05-28T14:06:17.592+00:00,30.50,12.90,Open_Palm,0.634,STEP_X_NEG,,STEP_X_NEG,Mode 1: X-Z Plane
2026-05-28T14:06:17.629+00:00,30.08,15.10,Open_Palm,0.634,STEP_X_NEG,,STEP_X_NEG,Mode 1: X-Z Plane
2026-05-28T14:06:17.659+00:00,30.50,12.24,Open_Palm,0.628,STEP_X_NEG,,STEP_X_NEG,Mode 1: X-Z Plane
2026-05-28T14:06:17.690+00:00,30.53,12.59,Open_Palm,0.623,STEP_X_NEG,,STEP_X_NEG,Mode 1: X-Z Plane
2026-05-28T14:06:17.727+00:00,30.33,11.73,Open_Palm,0.635,STEP_X_NEG,,STEP_X_NEG,Mode 1: X-Z Plane
2026-05-28T14:06:17.758+00:00,30.40,11.92,Open_Palm,0.619,STEP_X_NEG,,STEP_X_NEG,Mode 1: X-Z Plane
2026-05-28T14:06:17.791+00:00,30.38,12.85,Open_Palm,0.627,STEP_X_NEG,,STEP_X_NEG,Mode 1: X-Z Plane
2026-05-28T14:06:17.825+00:00,30.24,11.70,Open_Palm,0.624,STEP_X_NEG,,STEP_X_NEG,Mode 1: X-Z Plane
2026-05-28T14:06:17.858+00:00,30.29,12.05,Open_Palm,0.617,STEP_X_NEG,,STEP_X_NEG,Mode 1: X-Z Plane
2026-05-28T14:06:17.891+00:00,30.30,12.84,Open_Palm,0.616,STEP_X_NEG,,STEP_X_NEG,Mode 1: X-Z Plane
2026-05-28T14:06:17.926+00:00,30.15,11.78,Open_Palm,0.622,STEP_X_NEG,,STEP_X_NEG,Mode 1: X-Z Plane
2026-05-28T14:06:17.958+00:00,30.21,12.18,Open_Palm,0.623,STEP_X_NEG,,STEP_X_NEG,Mode 1: X-Z Plane
2026-05-28T14:06:17.992+00:00,30.22,13.25,Open_Palm,0.616,STEP_X_NEG,,STEP_X_NEG,Mode 1: X-Z Plane
2026-05-28T14:06:18.026+00:00,30.09,11.92,Open_Palm,0.623,STEP_X_NEG,,STEP_X_NEG,Mode 1: X-Z Plane
2026-05-28T14:06:18.058+00:00,30.19,11.95,Open_Palm,0.628,STEP_X_NEG,,STEP_X_NEG,Mode 1: X-Z Plane
2026-05-28T14:06:18.094+00:00,29.99,15.43,Open_Palm,0.620,STEP_X_NEG,,STEP_X_NEG,Mode 1: X-Z Plane
2026-05-28T14:06:18.126+00:00,30.14,11.29,Open_Palm,0.622,STEP_X_NEG,,STEP_X_NEG,Mode 1: X-Z Plane
2026-05-28T14:06:18.161+00:00,30.06,13.18,Open_Palm,0.623,STEP_X_NEG,,STEP_X_NEG,Mode 1: X-Z Plane
2026-05-28T14:06:18.194+00:00,29.92,15.20,Open_Palm,0.624,STEP_X_NEG,,STEP_X_NEG,Mode 1: X-Z Plane
2026-05-28T14:06:18.223+00:00,30.30,13.77,Open_Palm,0.624,STEP_X_NEG,,STEP_X_NEG,Mode 1: X-Z Plane
2026-05-28T14:06:18.264+00:00,29.94,15.38,Open_Palm,0.628,STEP_X_NEG,,STEP_X_NEG,Mode 1: X-Z Plane
2026-05-28T14:06:18.294+00:00,30.06,15.14,Open_Palm,0.625,STEP_X_NEG,,STEP_X_NEG,Mode 1: X-Z Plane
2026-05-28T14:06:18.326+00:00,30.21,15.33,Open_Palm,0.626,STEP_X_NEG,,STEP_X_NEG,Mode 1: X-Z Plane
2026-05-28T14:06:18.361+00:00,29.96,15.09,Open_Palm,0.626,STEP_X_NEG,,STEP_X_NEG,Mode 1: X-Z Plane
2026-05-28T14:06:18.395+00:00,29.92,16.98,Open_Palm,0.628,STEP_X_NEG,,STEP_X_NEG,Mode 1: X-Z Plane
2026-05-28T14:06:18.426+00:00,30.19,15.73,Open_Palm,0.627,STEP_X_NEG,,STEP_X_NEG,Mode 1: X-Z Plane
2026-05-28T14:06:18.460+00:00,30.08,14.03,Open_Palm,0.632,STEP_X_NEG,,STEP_X_NEG,Mode 1: X-Z Plane
2026-05-28T14:06:18.494+00:00,30.10,14.13,Open_Palm,0.623,STEP_X_NEG,,STEP_X_NEG,Mode 1: X-Z Plane
2026-05-28T14:06:18.523+00:00,30.36,12.95,Open_Palm,0.627,STEP_X_NEG,,STEP_X_NEG,Mode 1: X-Z Plane
2026-05-28T14:06:18.558+00:00,30.27,11.62,Open_Palm,0.622,STEP_X_NEG,,STEP_X_NEG,Mode 1: X-Z Plane
2026-05-28T14:06:18.590+00:00,30.32,12.25,Open_Palm,0.625,STEP_X_NEG,,STEP_X_NEG,Mode 1: X-Z Plane
2026-05-28T14:06:18.626+00:00,30.08,16.06,Open_Palm,0.638,STEP_X_NEG,,STEP_X_NEG,Mode 1: X-Z Plane
2026-05-28T14:06:18.659+00:00,30.13,12.79,Open_Palm,0.519,,,,Mode 1: X-Z Plane
2026-05-28T14:06:18.689+00:00,30.29,12.25,Pointing_Up,0.480,,,,Mode 1: X-Z Plane
2026-05-28T14:06:18.725+00:00,30.12,15.24,Pointing_Up,0.566,,,,Mode 1: X-Z Plane
2026-05-28T14:06:18.763+00:00,29.92,14.74,Pointing_Up,0.540,,,,Mode 1: X-Z Plane
2026-05-28T14:06:18.790+00:00,30.24,12.82,Pointing_Up,0.689,,,,Mode 1: X-Z Plane
2026-05-28T14:06:18.821+00:00,30.45,11.79,Pointing_Up,0.793,,,,Mode 1: X-Z Plane
2026-05-28T14:06:18.860+00:00,30.01,14.17,Pointing_Up,0.840,,,,Mode 1: X-Z Plane
2026-05-28T14:06:18.893+00:00,30.07,14.96,Pointing_Up,0.841,,,,Mode 1: X-Z Plane
2026-05-28T14:06:18.926+00:00,30.08,16.15,Pointing_Up,0.845,STEP_X_POS,STEP_X_POS,STEP_X_POS,Mode 1: X-Z Plane
2026-05-28T14:06:18.958+00:00,30.18,12.29,Pointing_Up,0.850,STEP_X_POS,,STEP_X_POS,Mode 1: X-Z Plane
2026-05-28T14:06:18.990+00:00,30.27,12.44,Pointing_Up,0.854,STEP_X_POS,,STEP_X_POS,Mode 1: X-Z Plane
2026-05-28T14:06:19.023+00:00,30.26,13.65,Pointing_Up,0.853,STEP_X_POS,,STEP_X_POS,Mode 1: X-Z Plane
2026-05-28T14:06:19.054+00:00,30.42,13.03,Pointing_Up,0.849,STEP_X_POS,,STEP_X_POS,Mode 1: X-Z Plane
2026-05-28T14:06:19.090+00:00,30.17,12.67,Pointing_Up,0.847,STEP_X_POS,,STEP_X_POS,Mode 1: X-Z Plane
2026-05-28T14:06:19.126+00:00,30.18,13.90,Pointing_Up,0.846,STEP_X_POS,,STEP_X_POS,Mode 1: X-Z Plane
2026-05-28T14:06:19.158+00:00,30.16,15.12,Pointing_Up,0.848,STEP_X_POS,,STEP_X_POS,Mode 1: X-Z Plane
2026-05-28T14:06:19.190+00:00,30.15,12.15,Pointing_Up,0.848,STEP_X_POS,,STEP_X_POS,Mode 1: X-Z Plane
2026-05-28T14:06:19.222+00:00,30.22,12.86,Pointing_Up,0.848,STEP_X_POS,,STEP_X_POS,Mode 1: X-Z Plane
2026-05-28T14:06:19.255+00:00,30.29,13.27,Pointing_Up,0.844,STEP_X_POS,,STEP_X_POS,Mode 1: X-Z Plane
2026-05-28T14:06:19.290+00:00,30.08,12.63,Pointing_Up,0.849,STEP_X_POS,,STEP_X_POS,Mode 1: X-Z Plane
2026-05-28T14:06:19.326+00:00,30.16,13.00,Pointing_Up,0.845,STEP_X_POS,,STEP_X_POS,Mode 1: X-Z Plane
2026-05-28T14:06:19.358+00:00,30.25,13.32,Pointing_Up,0.845,STEP_X_POS,,STEP_X_POS,Mode 1: X-Z Plane
2026-05-28T14:06:19.397+00:00,29.81,15.92,Pointing_Up,0.844,STEP_X_POS,,STEP_X_POS,Mode 1: X-Z Plane
2026-05-28T14:06:19.423+00:00,30.22,13.37,Pointing_Up,0.846,STEP_X_POS,,STEP_X_POS,Mode 1: X-Z Plane
2026-05-28T14:06:19.458+00:00,30.32,13.47,Pointing_Up,0.841,STEP_X_POS,,STEP_X_POS,Mode 1: X-Z Plane
2026-05-28T14:06:19.493+00:00,30.14,12.52,Pointing_Up,0.848,STEP_X_POS,,STEP_X_POS,Mode 1: X-Z Plane
2026-05-28T14:06:19.523+00:00,30.17,13.38,Pointing_Up,0.847,STEP_X_POS,,STEP_X_POS,Mode 1: X-Z Plane
2026-05-28T14:06:19.555+00:00,30.29,13.37,Pointing_Up,0.846,STEP_X_POS,,STEP_X_POS,Mode 1: X-Z Plane
2026-05-28T14:06:19.591+00:00,30.06,12.91,Pointing_Up,0.847,STEP_X_POS,,STEP_X_POS,Mode 1: X-Z Plane
2026-05-28T14:06:19.625+00:00,30.05,13.57,Pointing_Up,0.844,STEP_X_POS,,STEP_X_POS,Mode 1: X-Z Plane
2026-05-28T14:06:19.655+00:00,30.24,13.64,Pointing_Up,0.844,STEP_X_POS,,STEP_X_POS,Mode 1: X-Z Plane
2026-05-28T14:06:19.690+00:00,30.10,12.35,Pointing_Up,0.845,STEP_X_POS,,STEP_X_POS,Mode 1: X-Z Plane
2026-05-28T14:06:19.722+00:00,30.17,12.92,Pointing_Up,0.841,STEP_X_POS,,STEP_X_POS,Mode 1: X-Z Plane
2026-05-28T14:06:19.755+00:00,30.23,13.40,Pointing_Up,0.843,STEP_X_POS,,STEP_X_POS,Mode 1: X-Z Plane
2026-05-28T14:06:19.794+00:00,29.85,15.09,Pointing_Up,0.841,STEP_X_POS,,STEP_X_POS,Mode 1: X-Z Plane
2026-05-28T14:06:19.822+00:00,30.23,12.87,Pointing_Up,0.839,STEP_X_POS,,STEP_X_POS,Mode 1: X-Z Plane
2026-05-28T14:06:19.860+00:00,30.11,15.34,Pointing_Up,0.845,STEP_X_POS,,STEP_X_POS,Mode 1: X-Z Plane
2026-05-28T14:06:19.891+00:00,30.26,14.99,Pointing_Up,0.837,STEP_X_POS,,STEP_X_POS,Mode 1: X-Z Plane
2026-05-28T14:06:19.928+00:00,29.96,15.67,Pointing_Up,0.842,STEP_X_POS,,STEP_X_POS,Mode 1: X-Z Plane
2026-05-28T14:06:19.959+00:00,29.96,16.98,Pointing_Up,0.842,STEP_X_POS,,STEP_X_POS,Mode 1: X-Z Plane
2026-05-28T14:06:19.986+00:00,30.54,12.90,Pointing_Up,0.846,STEP_X_POS,,STEP_X_POS,Mode 1: X-Z Plane
2026-05-28T14:06:20.023+00:00,30.26,13.10,Pointing_Up,0.841,STEP_X_POS,,STEP_X_POS,Mode 1: X-Z Plane
2026-05-28T14:06:20.055+00:00,30.35,13.15,Pointing_Up,0.839,STEP_X_POS,,STEP_X_POS,Mode 1: X-Z Plane
2026-05-28T14:06:20.090+00:00,30.43,13.29,Pointing_Up,0.844,STEP_X_POS,,STEP_X_POS,Mode 1: X-Z Plane
2026-05-28T14:06:20.128+00:00,29.96,16.16,Pointing_Up,0.834,STEP_X_POS,,STEP_X_POS,Mode 1: X-Z Plane
2026-05-28T14:06:20.154+00:00,30.42,13.05,Pointing_Up,0.836,STEP_X_POS,,STEP_X_POS,Mode 1: X-Z Plane
2026-05-28T14:06:20.192+00:00,30.28,15.53,Pointing_Up,0.839,STEP_X_POS,,STEP_X_POS,Mode 1: X-Z Plane
2026-05-28T14:06:20.223+00:00,30.23,13.03,Pointing_Up,0.845,STEP_X_POS,,STEP_X_POS,Mode 1: X-Z Plane
2026-05-28T14:06:20.255+00:00,30.26,13.89,Pointing_Up,0.838,STEP_X_POS,,STEP_X_POS,Mode 1: X-Z Plane
2026-05-28T14:06:20.286+00:00,30.47,12.81,Pointing_Up,0.838,STEP_X_POS,,STEP_X_POS,Mode 1: X-Z Plane
2026-05-28T14:06:20.325+00:00,30.18,13.00,Pointing_Up,0.841,STEP_X_POS,,STEP_X_POS,Mode 1: X-Z Plane
2026-05-28T14:06:20.359+00:00,30.07,15.35,Pointing_Up,0.840,STEP_X_POS,,STEP_X_POS,Mode 1: X-Z Plane
2026-05-28T14:06:20.387+00:00,30.40,13.38,Pointing_Up,0.843,STEP_X_POS,,STEP_X_POS,Mode 1: X-Z Plane
2026-05-28T14:06:20.422+00:00,30.17,13.02,Pointing_Up,0.839,STEP_X_POS,,STEP_X_POS,Mode 1: X-Z Plane
2026-05-28T14:06:20.453+00:00,30.39,11.85,Pointing_Up,0.843,STEP_X_POS,,STEP_X_POS,Mode 1: X-Z Plane
2026-05-28T14:06:20.489+00:00,30.35,13.20,Pointing_Up,0.842,STEP_X_POS,,STEP_X_POS,Mode 1: X-Z Plane
2026-05-28T14:06:20.528+00:00,29.95,15.17,Pointing_Up,0.838,STEP_X_POS,,STEP_X_POS,Mode 1: X-Z Plane
2026-05-28T14:06:20.559+00:00,30.18,14.14,Pointing_Up,0.841,STEP_X_POS,,STEP_X_POS,Mode 1: X-Z Plane
2026-05-28T14:06:20.589+00:00,30.41,13.00,Pointing_Up,0.838,STEP_X_POS,,STEP_X_POS,Mode 1: X-Z Plane
2026-05-28T14:06:20.622+00:00,30.22,12.00,Pointing_Up,0.841,STEP_X_POS,,STEP_X_POS,Mode 1: X-Z Plane
2026-05-28T14:06:20.655+00:00,30.21,13.24,Pointing_Up,0.835,STEP_X_POS,,STEP_X_POS,Mode 1: X-Z Plane
2026-05-28T14:06:20.689+00:00,30.13,15.22,Pointing_Up,0.842,STEP_X_POS,,STEP_X_POS,Mode 1: X-Z Plane
2026-05-28T14:06:20.718+00:00,30.50,12.73,Pointing_Up,0.839,STEP_X_POS,,STEP_X_POS,Mode 1: X-Z Plane
2026-05-28T14:06:20.757+00:00,30.07,14.94,Pointing_Up,0.840,STEP_X_POS,,STEP_X_POS,Mode 1: X-Z Plane
2026-05-28T14:06:20.786+00:00,30.51,11.93,Pointing_Up,0.841,STEP_X_POS,,STEP_X_POS,Mode 1: X-Z Plane
2026-05-28T14:06:20.821+00:00,30.29,15.34,Pointing_Up,0.837,STEP_X_POS,,STEP_X_POS,Mode 1: X-Z Plane
2026-05-28T14:06:20.860+00:00,30.01,15.64,Pointing_Up,0.844,STEP_X_POS,,STEP_X_POS,Mode 1: X-Z Plane
2026-05-28T14:06:20.890+00:00,30.14,15.61,Pointing_Up,0.838,STEP_X_POS,,STEP_X_POS,Mode 1: X-Z Plane
2026-05-28T14:06:20.921+00:00,30.54,12.93,Pointing_Up,0.788,STEP_X_POS,,STEP_X_POS,Mode 1: X-Z Plane
2026-05-28T14:06:20.957+00:00,30.31,12.20,Pointing_Up,0.625,STEP_X_POS,,STEP_X_POS,Mode 1: X-Z Plane
2026-05-28T14:06:20.990+00:00,30.15,15.14,None,0.868,,,,Mode 1: X-Z Plane
2026-05-28T14:06:21.022+00:00,30.25,15.17,None,0.967,,,,Mode 1: X-Z Plane
2026-05-28T14:06:21.059+00:00,30.00,15.21,None,0.977,,,,Mode 1: X-Z Plane
2026-05-28T14:06:21.090+00:00,30.14,15.14,None,0.989,,,,Mode 1: X-Z Plane
2026-05-28T14:06:21.123+00:00,30.22,15.46,None,0.694,,,,Mode 1: X-Z Plane
2026-05-28T14:06:21.159+00:00,29.98,15.33,Thumb_Up,0.606,,,,Mode 1: X-Z Plane
2026-05-28T14:06:21.190+00:00,30.16,14.86,Thumb_Up,0.649,,,,Mode 1: X-Z Plane
2026-05-28T14:06:21.223+00:00,30.23,15.28,Thumb_Up,0.690,,,,Mode 1: X-Z Plane
2026-05-28T14:06:21.258+00:00,30.06,14.27,Thumb_Up,0.682,,,,Mode 1: X-Z Plane
2026-05-28T14:06:21.289+00:00,30.28,13.39,Thumb_Up,0.695,STEP_Z_POS,STEP_Z_POS,STEP_Z_POS,Mode 1: X-Z Plane
2026-05-28T14:06:21.323+00:00,30.18,15.38,Thumb_Up,0.710,STEP_Z_POS,,STEP_Z_POS,Mode 1: X-Z Plane
2026-05-28T14:06:21.360+00:00,29.95,15.34,Thumb_Up,0.713,STEP_Z_POS,,STEP_Z_POS,Mode 1: X-Z Plane
2026-05-28T14:06:21.389+00:00,30.34,12.90,Thumb_Up,0.715,STEP_Z_POS,,STEP_Z_POS,Mode 1: X-Z Plane
2026-05-28T14:06:21.423+00:00,30.21,15.27,Thumb_Up,0.711,STEP_Z_POS,,STEP_Z_POS,Mode 1: X-Z Plane
2026-05-28T14:06:21.460+00:00,29.96,15.28,Thumb_Up,0.711,STEP_Z_POS,,STEP_Z_POS,Mode 1: X-Z Plane
2026-05-28T14:06:21.489+00:00,30.35,12.98,Thumb_Up,0.709,STEP_Z_POS,,STEP_Z_POS,Mode 1: X-Z Plane
2026-05-28T14:06:21.523+00:00,30.22,15.30,Thumb_Up,0.709,STEP_Z_POS,,STEP_Z_POS,Mode 1: X-Z Plane
2026-05-28T14:06:21.555+00:00,30.33,15.22,Thumb_Up,0.709,STEP_Z_POS,,STEP_Z_POS,Mode 1: X-Z Plane
2026-05-28T14:06:21.591+00:00,30.09,15.14,Thumb_Up,0.706,STEP_Z_POS,,STEP_Z_POS,Mode 1: X-Z Plane
2026-05-28T14:06:21.624+00:00,30.13,15.89,Thumb_Up,0.709,STEP_Z_POS,,STEP_Z_POS,Mode 1: X-Z Plane
2026-05-28T14:06:21.652+00:00,30.62,12.43,Thumb_Up,0.705,STEP_Z_POS,,STEP_Z_POS,Mode 1: X-Z Plane
2026-05-28T14:06:21.693+00:00,30.05,16.51,Thumb_Up,0.705,STEP_Z_POS,,STEP_Z_POS,Mode 1: X-Z Plane
2026-05-28T14:06:21.722+00:00,30.30,15.22,Thumb_Up,0.704,STEP_Z_POS,,STEP_Z_POS,Mode 1: X-Z Plane
2026-05-28T14:06:21.751+00:00,30.58,13.49,Thumb_Up,0.704,STEP_Z_POS,,STEP_Z_POS,Mode 1: X-Z Plane
2026-05-28T14:06:21.790+00:00,30.24,14.13,Thumb_Up,0.699,STEP_Z_POS,,STEP_Z_POS,Mode 1: X-Z Plane
2026-05-28T14:06:21.821+00:00,30.49,12.82,Thumb_Up,0.705,STEP_Z_POS,,STEP_Z_POS,Mode 1: X-Z Plane
2026-05-28T14:06:21.855+00:00,30.33,15.26,Thumb_Up,0.705,STEP_Z_POS,,STEP_Z_POS,Mode 1: X-Z Plane
2026-05-28T14:06:21.889+00:00,30.24,13.30,Thumb_Up,0.701,STEP_Z_POS,,STEP_Z_POS,Mode 1: X-Z Plane
2026-05-28T14:06:21.923+00:00,30.21,14.76,Thumb_Up,0.705,STEP_Z_POS,,STEP_Z_POS,Mode 1: X-Z Plane
2026-05-28T14:06:21.955+00:00,30.36,14.23,Thumb_Up,0.701,STEP_Z_POS,,STEP_Z_POS,Mode 1: X-Z Plane
2026-05-28T14:06:21.992+00:00,30.03,15.17,Thumb_Up,0.703,STEP_Z_POS,,STEP_Z_POS,Mode 1: X-Z Plane
2026-05-28T14:06:22.021+00:00,30.36,13.22,Thumb_Up,0.697,STEP_Z_POS,,STEP_Z_POS,Mode 1: X-Z Plane
2026-05-28T14:06:22.053+00:00,30.48,12.80,Thumb_Up,0.702,STEP_Z_POS,,STEP_Z_POS,Mode 1: X-Z Plane
2026-05-28T14:06:22.090+00:00,30.16,13.52,Thumb_Up,0.702,STEP_Z_POS,,STEP_Z_POS,Mode 1: X-Z Plane
2026-05-28T14:06:22.123+00:00,30.10,15.38,Thumb_Up,0.703,STEP_Z_POS,,STEP_Z_POS,Mode 1: X-Z Plane
2026-05-28T14:06:22.155+00:00,30.29,14.62,Thumb_Up,0.704,STEP_Z_POS,,STEP_Z_POS,Mode 1: X-Z Plane
2026-05-28T14:06:22.192+00:00,29.98,15.35,Thumb_Up,0.706,STEP_Z_POS,,STEP_Z_POS,Mode 1: X-Z Plane
2026-05-28T14:06:22.221+00:00,30.32,13.39,Thumb_Up,0.700,STEP_Z_POS,,STEP_Z_POS,Mode 1: X-Z Plane
2026-05-28T14:06:22.255+00:00,30.24,15.23,Thumb_Up,0.705,STEP_Z_POS,,STEP_Z_POS,Mode 1: X-Z Plane
2026-05-28T14:06:22.290+00:00,30.10,13.86,Thumb_Up,0.703,STEP_Z_POS,,STEP_Z_POS,Mode 1: X-Z Plane
2026-05-28T14:06:22.323+00:00,30.08,15.34,Thumb_Up,0.702,STEP_Z_POS,,STEP_Z_POS,Mode 1: X-Z Plane
2026-05-28T14:06:22.350+00:00,30.48,12.64,Thumb_Up,0.702,STEP_Z_POS,,STEP_Z_POS,Mode 1: X-Z Plane
2026-05-28T14:06:22.382+00:00,30.56,12.60,Thumb_Up,0.709,STEP_Z_POS,,STEP_Z_POS,Mode 1: X-Z Plane
2026-05-28T14:06:22.417+00:00,30.32,12.20,Thumb_Up,0.709,STEP_Z_POS,,STEP_Z_POS,Mode 1: X-Z Plane
2026-05-28T14:06:22.450+00:00,30.38,12.42,Thumb_Up,0.705,STEP_Z_POS,,STEP_Z_POS,Mode 1: X-Z Plane
2026-05-28T14:06:22.482+00:00,30.45,12.64,Thumb_Up,0.710,STEP_Z_POS,,STEP_Z_POS,Mode 1: X-Z Plane
2026-05-28T14:06:22.523+00:00,30.00,15.14,Thumb_Up,0.709,STEP_Z_POS,,STEP_Z_POS,Mode 1: X-Z Plane
2026-05-28T14:06:22.552+00:00,30.14,15.06,Thumb_Up,0.708,STEP_Z_POS,,STEP_Z_POS,Mode 1: X-Z Plane
2026-05-28T14:06:22.587+00:00,30.26,14.88,Thumb_Up,0.709,STEP_Z_POS,,STEP_Z_POS,Mode 1: X-Z Plane
2026-05-28T14:06:22.625+00:00,29.91,16.28,Thumb_Up,0.711,STEP_Z_POS,,STEP_Z_POS,Mode 1: X-Z Plane
2026-05-28T14:06:22.655+00:00,30.15,15.14,Thumb_Up,0.706,STEP_Z_POS,,STEP_Z_POS,Mode 1: X-Z Plane
2026-05-28T14:06:22.687+00:00,30.27,15.13,Thumb_Up,0.710,STEP_Z_POS,,STEP_Z_POS,Mode 1: X-Z Plane
2026-05-28T14:06:22.721+00:00,30.04,14.83,Thumb_Up,0.714,STEP_Z_POS,,STEP_Z_POS,Mode 1: X-Z Plane
2026-05-28T14:06:22.749+00:00,30.48,11.82,Thumb_Up,0.710,STEP_Z_POS,,STEP_Z_POS,Mode 1: X-Z Plane
2026-05-28T14:06:22.784+00:00,30.27,15.19,Thumb_Up,0.710,STEP_Z_POS,,STEP_Z_POS,Mode 1: X-Z Plane
2026-05-28T14:06:22.818+00:00,30.23,12.71,Thumb_Up,0.714,STEP_Z_POS,,STEP_Z_POS,Mode 1: X-Z Plane
2026-05-28T14:06:22.850+00:00,30.36,12.32,Thumb_Up,0.710,STEP_Z_POS,,STEP_Z_POS,Mode 1: X-Z Plane
2026-05-28T14:06:22.887+00:00,30.20,15.14,Thumb_Up,0.715,STEP_Z_POS,,STEP_Z_POS,Mode 1: X-Z Plane
2026-05-28T14:06:22.924+00:00,29.94,15.18,Thumb_Up,0.713,STEP_Z_POS,,STEP_Z_POS,Mode 1: X-Z Plane
2026-05-28T14:06:22.954+00:00,29.96,16.58,Thumb_Up,0.714,STEP_Z_POS,,STEP_Z_POS,Mode 1: X-Z Plane
2026-05-28T14:06:22.984+00:00,30.56,12.37,Thumb_Up,0.711,STEP_Z_POS,,STEP_Z_POS,Mode 1: X-Z Plane
2026-05-28T14:06:23.024+00:00,30.06,15.56,Thumb_Up,0.716,STEP_Z_POS,,STEP_Z_POS,Mode 1: X-Z Plane
2026-05-28T14:06:23.053+00:00,30.44,13.05,Thumb_Up,0.713,STEP_Z_POS,,STEP_Z_POS,Mode 1: X-Z Plane
2026-05-28T14:06:23.083+00:00,30.43,14.09,Thumb_Up,0.710,STEP_Z_POS,,STEP_Z_POS,Mode 1: X-Z Plane
2026-05-28T14:06:23.117+00:00,30.36,11.68,Thumb_Up,0.715,STEP_Z_POS,,STEP_Z_POS,Mode 1: X-Z Plane
2026-05-28T14:06:23.150+00:00,30.38,12.40,Thumb_Up,0.712,STEP_Z_POS,,STEP_Z_POS,Mode 1: X-Z Plane
2026-05-28T14:06:23.182+00:00,30.47,12.40,Thumb_Up,0.709,STEP_Z_POS,,STEP_Z_POS,Mode 1: X-Z Plane
2026-05-28T14:06:23.219+00:00,30.32,14.89,Thumb_Up,0.705,STEP_Z_POS,,STEP_Z_POS,Mode 1: X-Z Plane
2026-05-28T14:06:23.251+00:00,30.17,13.53,Thumb_Up,0.677,STEP_Z_POS,,STEP_Z_POS,Mode 1: X-Z Plane
2026-05-28T14:06:23.287+00:00,30.16,14.81,Thumb_Up,0.608,STEP_Z_POS,,STEP_Z_POS,Mode 1: X-Z Plane
2026-05-28T14:06:23.314+00:00,30.48,12.78,Thumb_Up,0.572,,,,Mode 1: X-Z Plane
2026-05-28T14:06:23.356+00:00,29.96,16.39,None,0.761,,,,Mode 1: X-Z Plane
2026-05-28T14:06:23.383+00:00,30.52,12.57,None,0.751,,,,Mode 1: X-Z Plane
2026-05-28T14:06:23.419+00:00,30.32,15.57,None,0.511,,,,Mode 1: X-Z Plane
2026-05-28T14:06:23.452+00:00,30.29,12.91,None,0.710,,,,Mode 1: X-Z Plane
2026-05-28T14:06:23.484+00:00,30.40,12.71,None,0.754,,,,Mode 1: X-Z Plane
2026-05-28T14:06:23.519+00:00,30.24,15.47,Thumb_Down,0.771,,,,Mode 1: X-Z Plane
2026-05-28T14:06:23.554+00:00,30.06,14.59,Thumb_Down,0.931,,,,Mode 1: X-Z Plane
2026-05-28T14:06:23.586+00:00,30.13,15.15,Thumb_Down,0.968,,,,Mode 1: X-Z Plane
2026-05-28T14:06:23.620+00:00,30.10,16.71,Thumb_Down,0.978,,,,Mode 1: X-Z Plane
2026-05-28T14:06:23.655+00:00,29.98,15.22,Thumb_Down,0.977,STEP_Z_NEG,STEP_Z_NEG,STEP_Z_NEG,Mode 1: X-Z Plane
2026-05-28T14:06:23.687+00:00,30.12,15.14,Thumb_Down,0.975,STEP_Z_NEG,,STEP_Z_NEG,Mode 1: X-Z Plane
2026-05-28T14:06:23.713+00:00,30.57,12.01,Thumb_Down,0.974,STEP_Z_NEG,,STEP_Z_NEG,Mode 1: X-Z Plane
2026-05-28T14:06:23.750+00:00,30.26,12.39,Thumb_Down,0.972,STEP_Z_NEG,,STEP_Z_NEG,Mode 1: X-Z Plane
2026-05-28T14:06:23.784+00:00,30.16,14.64,Thumb_Down,0.971,STEP_Z_NEG,,STEP_Z_NEG,Mode 1: X-Z Plane
2026-05-28T14:06:23.816+00:00,30.26,14.72,Thumb_Down,0.967,STEP_Z_NEG,,STEP_Z_NEG,Mode 1: X-Z Plane
2026-05-28T14:06:23.854+00:00,30.02,14.61,Thumb_Down,0.966,STEP_Z_NEG,,STEP_Z_NEG,Mode 1: X-Z Plane
2026-05-28T14:06:23.888+00:00,30.00,16.17,Thumb_Down,0.965,STEP_Z_NEG,,STEP_Z_NEG,Mode 1: X-Z Plane
2026-05-28T14:06:23.919+00:00,30.27,14.70,Thumb_Down,0.966,STEP_Z_NEG,,STEP_Z_NEG,Mode 1: X-Z Plane
2026-05-28T14:06:23.952+00:00,29.98,15.16,Thumb_Down,0.965,STEP_Z_NEG,,STEP_Z_NEG,Mode 1: X-Z Plane
2026-05-28T14:06:23.981+00:00,30.43,12.28,Thumb_Down,0.966,STEP_Z_NEG,,STEP_Z_NEG,Mode 1: X-Z Plane
2026-05-28T14:06:24.016+00:00,30.49,12.49,Thumb_Down,0.958,STEP_Z_NEG,,STEP_Z_NEG,Mode 1: X-Z Plane
2026-05-28T14:06:24.052+00:00,30.25,16.04,Thumb_Down,0.957,STEP_Z_NEG,,STEP_Z_NEG,Mode 1: X-Z Plane
2026-05-28T14:06:24.087+00:00,30.11,14.70,Thumb_Down,0.957,STEP_Z_NEG,,STEP_Z_NEG,Mode 1: X-Z Plane
2026-05-28T14:06:24.119+00:00,30.18,15.20,Thumb_Down,0.958,STEP_Z_NEG,,STEP_Z_NEG,Mode 1: X-Z Plane
2026-05-28T14:06:24.151+00:00,30.26,15.44,Thumb_Down,0.955,STEP_Z_NEG,,STEP_Z_NEG,Mode 1: X-Z Plane
2026-05-28T14:06:24.187+00:00,30.03,15.21,Thumb_Down,0.957,STEP_Z_NEG,,STEP_Z_NEG,Mode 1: X-Z Plane
2026-05-28T14:06:24.219+00:00,30.14,15.34,Thumb_Down,0.959,STEP_Z_NEG,,STEP_Z_NEG,Mode 1: X-Z Plane
2026-05-28T14:06:24.249+00:00,30.52,12.76,Thumb_Down,0.959,STEP_Z_NEG,,STEP_Z_NEG,Mode 1: X-Z Plane
2026-05-28T14:06:24.284+00:00,30.28,12.29,Thumb_Down,0.956,STEP_Z_NEG,,STEP_Z_NEG,Mode 1: X-Z Plane
2026-05-28T14:06:24.319+00:00,30.16,14.68,Thumb_Down,0.957,STEP_Z_NEG,,STEP_Z_NEG,Mode 1: X-Z Plane
2026-05-28T14:06:24.351+00:00,30.25,14.94,Thumb_Down,0.960,STEP_Z_NEG,,STEP_Z_NEG,Mode 1: X-Z Plane
2026-05-28T14:06:24.388+00:00,29.94,15.70,Thumb_Down,0.961,STEP_Z_NEG,,STEP_Z_NEG,Mode 1: X-Z Plane
2026-05-28T14:06:24.419+00:00,30.11,15.28,Thumb_Down,0.962,STEP_Z_NEG,,STEP_Z_NEG,Mode 1: X-Z Plane
2026-05-28T14:06:24.451+00:00,30.21,15.44,Thumb_Down,0.961,STEP_Z_NEG,,STEP_Z_NEG,Mode 1: X-Z Plane
2026-05-28T14:06:24.484+00:00,30.01,14.93,Thumb_Down,0.964,STEP_Z_NEG,,STEP_Z_NEG,Mode 1: X-Z Plane
2026-05-28T14:06:24.514+00:00,30.38,12.61,Thumb_Down,0.965,STEP_Z_NEG,,STEP_Z_NEG,Mode 1: X-Z Plane
2026-05-28T14:06:24.546+00:00,30.48,12.47,Thumb_Down,0.965,STEP_Z_NEG,,STEP_Z_NEG,Mode 1: X-Z Plane
2026-05-28T14:06:24.585+00:00,30.18,12.87,Thumb_Down,0.965,STEP_Z_NEG,,STEP_Z_NEG,Mode 1: X-Z Plane
2026-05-28T14:06:24.617+00:00,30.26,13.10,Thumb_Down,0.966,STEP_Z_NEG,,STEP_Z_NEG,Mode 1: X-Z Plane
2026-05-28T14:06:24.649+00:00,30.35,13.17,Thumb_Down,0.966,STEP_Z_NEG,,STEP_Z_NEG,Mode 1: X-Z Plane
2026-05-28T14:06:24.687+00:00,29.99,14.63,Thumb_Down,0.969,STEP_Z_NEG,,STEP_Z_NEG,Mode 1: X-Z Plane
2026-05-28T14:06:24.716+00:00,30.34,12.52,Thumb_Down,0.968,STEP_Z_NEG,,STEP_Z_NEG,Mode 1: X-Z Plane
2026-05-28T14:06:24.747+00:00,30.34,13.42,Thumb_Down,0.965,STEP_Z_NEG,,STEP_Z_NEG,Mode 1: X-Z Plane
2026-05-28T14:06:24.784+00:00,29.96,15.11,Thumb_Down,0.968,STEP_Z_NEG,,STEP_Z_NEG,Mode 1: X-Z Plane
2026-05-28T14:06:24.814+00:00,30.39,12.35,Thumb_Down,0.968,STEP_Z_NEG,,STEP_Z_NEG,Mode 1: X-Z Plane
2026-05-28T14:06:24.845+00:00,30.51,11.97,Thumb_Down,0.969,STEP_Z_NEG,,STEP_Z_NEG,Mode 1: X-Z Plane
2026-05-28T14:06:24.880+00:00,30.55,12.27,Thumb_Down,0.970,STEP_Z_NEG,,STEP_Z_NEG,Mode 1: X-Z Plane
2026-05-28T14:06:24.917+00:00,30.24,12.75,Thumb_Down,0.970,STEP_Z_NEG,,STEP_Z_NEG,Mode 1: X-Z Plane
2026-05-28T14:06:24.952+00:00,30.05,15.97,Thumb_Down,0.971,STEP_Z_NEG,,STEP_Z_NEG,Mode 1: X-Z Plane
2026-05-28T14:06:24.983+00:00,30.28,14.98,Thumb_Down,0.972,STEP_Z_NEG,,STEP_Z_NEG,Mode 1: X-Z Plane
2026-05-28T14:06:25.018+00:00,30.08,14.28,Thumb_Down,0.970,STEP_Z_NEG,,STEP_Z_NEG,Mode 1: X-Z Plane
2026-05-28T14:06:25.045+00:00,30.42,12.14,Thumb_Down,0.970,STEP_Z_NEG,,STEP_Z_NEG,Mode 1: X-Z Plane
2026-05-28T14:06:25.081+00:00,30.38,13.39,Thumb_Down,0.973,STEP_Z_NEG,,STEP_Z_NEG,Mode 1: X-Z Plane
2026-05-28T14:06:25.117+00:00,30.14,13.14,Thumb_Down,0.972,STEP_Z_NEG,,STEP_Z_NEG,Mode 1: X-Z Plane
2026-05-28T14:06:25.151+00:00,30.10,14.77,Thumb_Down,0.972,STEP_Z_NEG,,STEP_Z_NEG,Mode 1: X-Z Plane
2026-05-28T14:06:25.178+00:00,30.47,12.28,Thumb_Down,0.972,STEP_Z_NEG,,STEP_Z_NEG,Mode 1: X-Z Plane
2026-05-28T14:06:25.214+00:00,30.15,13.00,Thumb_Down,0.972,STEP_Z_NEG,,STEP_Z_NEG,Mode 1: X-Z Plane
2026-05-28T14:06:25.246+00:00,30.24,13.18,Thumb_Down,0.972,STEP_Z_NEG,,STEP_Z_NEG,Mode 1: X-Z Plane
2026-05-28T14:06:25.283+00:00,30.12,15.60,Thumb_Down,0.972,STEP_Z_NEG,,STEP_Z_NEG,Mode 1: X-Z Plane
2026-05-28T14:06:25.314+00:00,30.17,12.37,Thumb_Down,0.972,STEP_Z_NEG,,STEP_Z_NEG,Mode 1: X-Z Plane
2026-05-28T14:06:25.347+00:00,30.19,13.25,Thumb_Down,0.972,STEP_Z_NEG,,STEP_Z_NEG,Mode 1: X-Z Plane
2026-05-28T14:06:25.378+00:00,30.39,12.31,Thumb_Down,0.972,STEP_Z_NEG,,STEP_Z_NEG,Mode 1: X-Z Plane
2026-05-28T14:06:25.414+00:00,30.12,12.46,Thumb_Down,0.970,STEP_Z_NEG,,STEP_Z_NEG,Mode 1: X-Z Plane
2026-05-28T14:06:25.446+00:00,30.17,13.08,Thumb_Down,0.971,STEP_Z_NEG,,STEP_Z_NEG,Mode 1: X-Z Plane
2026-05-28T14:06:25.478+00:00,30.37,12.25,Thumb_Down,0.972,STEP_Z_NEG,,STEP_Z_NEG,Mode 1: X-Z Plane
2026-05-28T14:06:25.515+00:00,30.01,13.61,Thumb_Down,0.972,STEP_Z_NEG,,STEP_Z_NEG,Mode 1: X-Z Plane
2026-05-28T14:06:25.546+00:00,30.20,12.83,Thumb_Down,0.973,STEP_Z_NEG,,STEP_Z_NEG,Mode 1: X-Z Plane
2026-05-28T14:06:25.578+00:00,30.34,12.59,Thumb_Down,0.972,STEP_Z_NEG,,STEP_Z_NEG,Mode 1: X-Z Plane
2026-05-28T14:06:25.614+00:00,30.08,12.58,Thumb_Down,0.973,STEP_Z_NEG,,STEP_Z_NEG,Mode 1: X-Z Plane
2026-05-28T14:06:25.646+00:00,30.16,12.92,Thumb_Down,0.971,STEP_Z_NEG,,STEP_Z_NEG,Mode 1: X-Z Plane
2026-05-28T14:06:25.681+00:00,30.23,13.40,Thumb_Down,0.972,STEP_Z_NEG,,STEP_Z_NEG,Mode 1: X-Z Plane
2026-05-28T14:06:25.709+00:00,30.54,11.38,Thumb_Down,0.971,STEP_Z_NEG,,STEP_Z_NEG,Mode 1: X-Z Plane
2026-05-28T14:06:25.746+00:00,30.14,12.96,Thumb_Down,0.973,STEP_Z_NEG,,STEP_Z_NEG,Mode 1: X-Z Plane
2026-05-28T14:06:25.778+00:00,30.24,13.09,Thumb_Down,0.971,STEP_Z_NEG,,STEP_Z_NEG,Mode 1: X-Z Plane
2026-05-28T14:06:25.810+00:00,30.50,11.54,Thumb_Down,0.971,STEP_Z_NEG,,STEP_Z_NEG,Mode 1: X-Z Plane
2026-05-28T14:06:25.849+00:00,29.97,15.33,Thumb_Down,0.975,STEP_Z_NEG,,STEP_Z_NEG,Mode 1: X-Z Plane
2026-05-28T14:06:25.880+00:00,30.12,15.08,Thumb_Down,0.974,STEP_Z_NEG,,STEP_Z_NEG,Mode 1: X-Z Plane
2026-05-28T14:06:25.912+00:00,30.56,12.05,Thumb_Down,0.973,STEP_Z_NEG,,STEP_Z_NEG,Mode 1: X-Z Plane
2026-05-28T14:06:25.946+00:00,30.25,12.50,Thumb_Down,0.972,STEP_Z_NEG,,STEP_Z_NEG,Mode 1: X-Z Plane
2026-05-28T14:06:25.981+00:00,30.35,12.51,Thumb_Down,0.972,STEP_Z_NEG,,STEP_Z_NEG,Mode 1: X-Z Plane
2026-05-28T14:06:26.009+00:00,30.55,11.40,Thumb_Down,0.972,STEP_Z_NEG,,STEP_Z_NEG,Mode 1: X-Z Plane
2026-05-28T14:06:26.045+00:00,30.22,12.10,Thumb_Down,0.973,STEP_Z_NEG,,STEP_Z_NEG,Mode 1: X-Z Plane
2026-05-28T14:06:26.080+00:00,30.29,12.40,Thumb_Down,0.973,STEP_Z_NEG,,STEP_Z_NEG,Mode 1: X-Z Plane
2026-05-28T14:06:26.112+00:00,30.50,11.39,Thumb_Down,0.972,STEP_Z_NEG,,STEP_Z_NEG,Mode 1: X-Z Plane
2026-05-28T14:06:26.145+00:00,30.23,11.27,Thumb_Down,0.974,STEP_Z_NEG,,STEP_Z_NEG,Mode 1: X-Z Plane
2026-05-28T14:06:26.181+00:00,30.21,12.60,Thumb_Down,0.973,STEP_Z_NEG,,STEP_Z_NEG,Mode 1: X-Z Plane
2026-05-28T14:06:26.212+00:00,30.36,12.12,Thumb_Down,0.973,STEP_Z_NEG,,STEP_Z_NEG,Mode 1: X-Z Plane
2026-05-28T14:06:26.249+00:00,30.04,12.87,Thumb_Down,0.973,STEP_Z_NEG,,STEP_Z_NEG,Mode 1: X-Z Plane
2026-05-28T14:06:26.279+00:00,30.14,13.06,Thumb_Down,0.974,STEP_Z_NEG,,STEP_Z_NEG,Mode 1: X-Z Plane
2026-05-28T14:06:26.308+00:00,30.46,11.13,Thumb_Down,0.973,STEP_Z_NEG,,STEP_Z_NEG,Mode 1: X-Z Plane
2026-05-28T14:06:26.346+00:00,30.10,12.41,Thumb_Down,0.975,STEP_Z_NEG,,STEP_Z_NEG,Mode 1: X-Z Plane
2026-05-28T14:06:26.378+00:00,30.24,12.13,Thumb_Down,0.973,STEP_Z_NEG,,STEP_Z_NEG,Mode 1: X-Z Plane
2026-05-28T14:06:26.410+00:00,30.34,12.18,Thumb_Down,0.974,STEP_Z_NEG,,STEP_Z_NEG,Mode 1: X-Z Plane
2026-05-28T14:06:26.446+00:00,30.08,12.22,Thumb_Down,0.971,STEP_Z_NEG,,STEP_Z_NEG,Mode 1: X-Z Plane
2026-05-28T14:06:26.479+00:00,30.26,11.56,Thumb_Down,0.974,STEP_Z_NEG,,STEP_Z_NEG,Mode 1: X-Z Plane
2026-05-28T14:06:26.511+00:00,30.22,12.83,Thumb_Down,0.973,STEP_Z_NEG,,STEP_Z_NEG,Mode 1: X-Z Plane
2026-05-28T14:06:26.541+00:00,30.52,11.15,Thumb_Down,0.971,STEP_Z_NEG,,STEP_Z_NEG,Mode 1: X-Z Plane
2026-05-28T14:06:26.577+00:00,30.19,11.98,Thumb_Down,0.973,STEP_Z_NEG,,STEP_Z_NEG,Mode 1: X-Z Plane
2026-05-28T14:06:26.609+00:00,30.35,11.49,Thumb_Down,0.971,STEP_Z_NEG,,STEP_Z_NEG,Mode 1: X-Z Plane
2026-05-28T14:06:26.643+00:00,30.39,11.78,Thumb_Down,0.975,STEP_Z_NEG,,STEP_Z_NEG,Mode 1: X-Z Plane
2026-05-28T14:06:26.677+00:00,30.11,12.11,Thumb_Down,0.968,STEP_Z_NEG,,STEP_Z_NEG,Mode 1: X-Z Plane
2026-05-28T14:06:26.712+00:00,30.24,12.03,Thumb_Down,0.961,STEP_Z_NEG,,STEP_Z_NEG,Mode 1: X-Z Plane
2026-05-28T14:06:26.742+00:00,30.41,11.10,Thumb_Down,0.923,STEP_Z_NEG,,STEP_Z_NEG,Mode 1: X-Z Plane
2026-05-28T14:06:26.780+00:00,29.89,15.03,Thumb_Down,0.892,STEP_Z_NEG,,STEP_Z_NEG,Mode 1: X-Z Plane
2026-05-28T14:06:26.811+00:00,30.33,12.21,Thumb_Down,0.759,STEP_Z_NEG,,STEP_Z_NEG,Mode 1: X-Z Plane
2026-05-28T14:06:26.841+00:00,30.49,11.33,Thumb_Down,0.736,STEP_Z_NEG,,STEP_Z_NEG,Mode 1: X-Z Plane
2026-05-28T14:06:26.878+00:00,30.08,13.34,Thumb_Down,0.773,STEP_Z_NEG,,STEP_Z_NEG,Mode 1: X-Z Plane
2026-05-28T14:06:26.913+00:00,30.02,15.35,None,0.433,,,,Mode 1: X-Z Plane
2026-05-28T14:06:26.942+00:00,30.47,12.10,None,0.917,,,,Mode 1: X-Z Plane
2026-05-28T14:06:26.983+00:00,29.96,15.61,None,0.979,,,,Mode 1: X-Z Plane
2026-05-28T14:06:27.015+00:00,30.11,15.50,None,0.985,,,,Mode 1: X-Z Plane
2026-05-28T14:06:27.041+00:00,30.62,11.67,None,0.902,,,,Mode 1: X-Z Plane
2026-05-28T14:06:27.081+00:00,30.23,13.25,Victory,0.584,,,,Mode 1: X-Z Plane
2026-05-28T14:06:27.114+00:00,30.16,15.18,Victory,0.517,,,,Mode 1: X-Z Plane
2026-05-28T14:06:27.145+00:00,30.15,16.40,Victory,0.534,,,,Mode 1: X-Z Plane
2026-05-28T14:06:27.180+00:00,30.02,15.15,Victory,0.639,,,,Mode 1: X-Z Plane
2026-05-28T14:06:27.214+00:00,30.11,15.45,Victory,0.744,,,,Mode 1: X-Z Plane
2026-05-28T14:06:27.248+00:00,30.13,16.23,Victory,0.825,,,,Mode 1: X-Z Plane
2026-05-28T14:06:27.281+00:00,30.07,14.28,Victory,0.847,,,,Mode 1: X-Z Plane
2026-05-28T14:06:27.312+00:00,30.16,14.54,Victory,0.845,TOGGLE_MODE,TOGGLE_MODE,,Mode 2: Y-Yaw Plane
2026-05-28T14:06:27.342+00:00,30.52,12.16,Victory,0.854,TOGGLE_MODE,,,Mode 2: Y-Yaw Plane
2026-05-28T14:06:27.384+00:00,29.94,16.73,Victory,0.856,TOGGLE_MODE,,,Mode 2: Y-Yaw Plane
2026-05-28T14:06:27.415+00:00,30.19,15.50,Victory,0.861,TOGGLE_MODE,,,Mode 2: Y-Yaw Plane
2026-05-28T14:06:27.442+00:00,30.66,11.90,Victory,0.860,TOGGLE_MODE,,,Mode 2: Y-Yaw Plane
2026-05-28T14:06:27.475+00:00,30.60,13.46,Victory,0.856,TOGGLE_MODE,,,Mode 2: Y-Yaw Plane
2026-05-28T14:06:27.510+00:00,30.42,12.21,Victory,0.848,TOGGLE_MODE,,,Mode 2: Y-Yaw Plane
2026-05-28T14:06:27.542+00:00,30.53,11.71,Victory,0.852,TOGGLE_MODE,,,Mode 2: Y-Yaw Plane
2026-05-28T14:06:27.574+00:00,30.60,11.84,Victory,0.848,TOGGLE_MODE,,,Mode 2: Y-Yaw Plane
2026-05-28T14:06:27.612+00:00,30.09,15.09,Victory,0.848,TOGGLE_MODE,,,Mode 2: Y-Yaw Plane
2026-05-28T14:06:27.646+00:00,30.08,16.40,Victory,0.847,TOGGLE_MODE,,,Mode 2: Y-Yaw Plane
2026-05-28T14:06:27.674+00:00,30.74,11.60,Victory,0.849,TOGGLE_MODE,,,Mode 2: Y-Yaw Plane
2026-05-28T14:06:27.712+00:00,30.21,15.08,Victory,0.846,TOGGLE_MODE,,,Mode 2: Y-Yaw Plane
2026-05-28T14:06:27.748+00:00,30.21,15.85,Victory,0.847,TOGGLE_MODE,,,Mode 2: Y-Yaw Plane
2026-05-28T14:06:27.776+00:00,30.74,12.17,Victory,0.845,TOGGLE_MODE,,,Mode 2: Y-Yaw Plane
2026-05-28T14:06:27.812+00:00,30.44,12.35,Victory,0.849,TOGGLE_MODE,,,Mode 2: Y-Yaw Plane
2026-05-28T14:06:27.845+00:00,30.52,12.05,Victory,0.846,TOGGLE_MODE,,,Mode 2: Y-Yaw Plane
2026-05-28T14:06:27.877+00:00,30.60,12.27,Victory,0.852,TOGGLE_MODE,,,Mode 2: Y-Yaw Plane
2026-05-28T14:06:27.911+00:00,30.21,13.77,Victory,0.851,TOGGLE_MODE,,,Mode 2: Y-Yaw Plane
2026-05-28T14:06:27.941+00:00,30.49,11.81,Victory,0.847,TOGGLE_MODE,,,Mode 2: Y-Yaw Plane
2026-05-28T14:06:27.974+00:00,30.57,12.01,Victory,0.848,TOGGLE_MODE,,,Mode 2: Y-Yaw Plane
2026-05-28T14:06:28.013+00:00,30.04,15.62,Victory,0.852,TOGGLE_MODE,,,Mode 2: Y-Yaw Plane
2026-05-28T14:06:28.042+00:00,30.50,12.15,Victory,0.856,TOGGLE_MODE,,,Mode 2: Y-Yaw Plane
2026-05-28T14:06:28.073+00:00,30.61,11.98,Victory,0.851,TOGGLE_MODE,,,Mode 2: Y-Yaw Plane
2026-05-28T14:06:28.109+00:00,30.33,11.90,Victory,0.856,TOGGLE_MODE,,,Mode 2: Y-Yaw Plane
2026-05-28T14:06:28.142+00:00,30.42,11.98,Victory,0.853,TOGGLE_MODE,,,Mode 2: Y-Yaw Plane
2026-05-28T14:06:28.174+00:00,30.51,11.96,Victory,0.851,TOGGLE_MODE,,,Mode 2: Y-Yaw Plane
2026-05-28T14:06:28.213+00:00,30.00,15.40,Victory,0.853,TOGGLE_MODE,,,Mode 2: Y-Yaw Plane
2026-05-28T14:06:28.243+00:00,30.41,12.48,Victory,0.856,TOGGLE_MODE,,,Mode 2: Y-Yaw Plane
2026-05-28T14:06:28.276+00:00,30.48,12.82,Victory,0.852,TOGGLE_MODE,,,Mode 2: Y-Yaw Plane
2026-05-28T14:06:28.309+00:00,30.59,12.46,Victory,0.859,TOGGLE_MODE,,,Mode 2: Y-Yaw Plane
2026-05-28T14:06:28.342+00:00,30.30,12.32,Victory,0.855,TOGGLE_MODE,,,Mode 2: Y-Yaw Plane
2026-05-28T14:06:28.374+00:00,30.45,11.97,Victory,0.846,TOGGLE_MODE,,,Mode 2: Y-Yaw Plane
2026-05-28T14:06:28.409+00:00,30.51,12.10,Victory,0.848,TOGGLE_MODE,,,Mode 2: Y-Yaw Plane
2026-05-28T14:06:28.446+00:00,30.07,14.37,Victory,0.857,TOGGLE_MODE,,,Mode 2: Y-Yaw Plane
2026-05-28T14:06:28.478+00:00,30.21,14.23,Victory,0.847,TOGGLE_MODE,,,Mode 2: Y-Yaw Plane
2026-05-28T14:06:28.509+00:00,30.18,15.59,Victory,0.847,TOGGLE_MODE,,,Mode 2: Y-Yaw Plane
2026-05-28T14:06:28.545+00:00,29.97,15.22,Victory,0.855,TOGGLE_MODE,,,Mode 2: Y-Yaw Plane
2026-05-28T14:06:28.574+00:00,30.45,12.03,Victory,0.852,TOGGLE_MODE,,,Mode 2: Y-Yaw Plane
2026-05-28T14:06:28.611+00:00,30.29,14.78,Victory,0.848,TOGGLE_MODE,,,Mode 2: Y-Yaw Plane
2026-05-28T14:06:28.647+00:00,30.00,15.16,Victory,0.844,TOGGLE_MODE,,,Mode 2: Y-Yaw Plane
2026-05-28T14:06:28.674+00:00,30.44,12.39,Victory,0.845,TOGGLE_MODE,,,Mode 2: Y-Yaw Plane
2026-05-28T14:06:28.706+00:00,30.55,11.99,Victory,0.848,TOGGLE_MODE,,,Mode 2: Y-Yaw Plane
2026-05-28T14:06:28.742+00:00,30.25,12.44,Victory,0.840,TOGGLE_MODE,,,Mode 2: Y-Yaw Plane
2026-05-28T14:06:28.777+00:00,30.10,15.04,Victory,0.845,TOGGLE_MODE,,,Mode 2: Y-Yaw Plane
2026-05-28T14:06:28.806+00:00,30.56,11.94,Victory,0.841,TOGGLE_MODE,,,Mode 2: Y-Yaw Plane
2026-05-28T14:06:28.843+00:00,30.18,13.03,Victory,0.847,TOGGLE_MODE,,,Mode 2: Y-Yaw Plane
2026-05-28T14:06:28.874+00:00,30.40,12.19,Victory,0.849,TOGGLE_MODE,,,Mode 2: Y-Yaw Plane
2026-05-28T14:06:28.906+00:00,30.48,12.24,Victory,0.841,TOGGLE_MODE,,,Mode 2: Y-Yaw Plane
2026-05-28T14:06:28.943+00:00,30.09,13.79,Victory,0.851,TOGGLE_MODE,,,Mode 2: Y-Yaw Plane
2026-05-28T14:06:28.973+00:00,30.39,11.95,Victory,0.832,TOGGLE_MODE,,,Mode 2: Y-Yaw Plane
2026-05-28T14:06:29.008+00:00,30.26,14.28,Victory,0.830,TOGGLE_MODE,,,Mode 2: Y-Yaw Plane
2026-05-28T14:06:29.045+00:00,30.16,12.42,Victory,0.823,TOGGLE_MODE,,,Mode 2: Y-Yaw Plane
2026-05-28T14:06:29.074+00:00,30.39,11.40,Victory,0.818,TOGGLE_MODE,,,Mode 2: Y-Yaw Plane
2026-05-28T14:06:29.107+00:00,30.34,12.99,Victory,0.823,TOGGLE_MODE,,,Mode 2: Y-Yaw Plane
2026-05-28T14:06:29.141+00:00,30.48,12.12,Victory,0.809,TOGGLE_MODE,,,Mode 2: Y-Yaw Plane
2026-05-28T14:06:29.173+00:00,30.28,11.49,Victory,0.814,TOGGLE_MODE,,,Mode 2: Y-Yaw Plane
2026-05-28T14:06:29.211+00:00,30.09,14.75,Victory,0.809,TOGGLE_MODE,,,Mode 2: Y-Yaw Plane
2026-05-28T14:06:29.243+00:00,30.22,14.38,Victory,0.808,TOGGLE_MODE,,,Mode 2: Y-Yaw Plane
2026-05-28T14:06:29.275+00:00,30.12,12.82,Victory,0.813,TOGGLE_MODE,,,Mode 2: Y-Yaw Plane
2026-05-28T14:06:29.306+00:00,30.37,11.51,Victory,0.812,TOGGLE_MODE,,,Mode 2: Y-Yaw Plane
2026-05-28T14:06:29.338+00:00,30.36,11.96,Victory,0.802,TOGGLE_MODE,,,Mode 2: Y-Yaw Plane
2026-05-28T14:06:29.376+00:00,30.16,11.75,Victory,0.802,TOGGLE_MODE,,,Mode 2: Y-Yaw Plane
2026-05-28T14:06:29.411+00:00,30.02,14.56,Victory,0.790,TOGGLE_MODE,,,Mode 2: Y-Yaw Plane
2026-05-28T14:06:29.438+00:00,30.38,12.16,Victory,0.743,TOGGLE_MODE,,,Mode 2: Y-Yaw Plane
2026-05-28T14:06:29.479+00:00,29.93,14.85,Victory,0.642,TOGGLE_MODE,,,Mode 2: Y-Yaw Plane
2026-05-28T14:06:29.510+00:00,30.09,14.52,None,0.496,,,,Mode 2: Y-Yaw Plane
2026-05-28T14:06:29.540+00:00,30.44,12.23,None,0.673,,,,Mode 2: Y-Yaw Plane
2026-05-28T14:06:29.574+00:00,30.13,12.87,None,0.659,,,,Mode 2: Y-Yaw Plane
2026-05-28T14:06:29.610+00:00,30.09,14.62,None,0.968,,,,Mode 2: Y-Yaw Plane
2026-05-28T14:06:29.642+00:00,30.20,14.54,None,0.653,,,,Mode 2: Y-Yaw Plane
2026-05-28T14:06:29.678+00:00,29.92,15.09,None,0.567,,,,Mode 2: Y-Yaw Plane
2026-05-28T14:06:29.711+00:00,30.08,14.87,None,0.519,,,,Mode 2: Y-Yaw Plane
2026-05-28T14:06:29.742+00:00,30.21,14.59,Open_Palm,0.674,,,,Mode 2: Y-Yaw Plane
2026-05-28T14:06:29.779+00:00,29.97,14.68,Open_Palm,0.674,,,,Mode 2: Y-Yaw Plane
2026-05-28T14:06:29.811+00:00,30.11,14.65,Open_Palm,0.679,,,,Mode 2: Y-Yaw Plane
2026-05-28T14:06:29.843+00:00,30.23,14.39,Open_Palm,0.685,,,,Mode 2: Y-Yaw Plane
2026-05-28T14:06:29.877+00:00,30.18,12.11,Open_Palm,0.682,STEP_X_NEG,STEP_X_NEG,STEP_YAW_NEG,Mode 2: Y-Yaw Plane
2026-05-28T14:06:29.910+00:00,29.92,16.30,Open_Palm,0.682,STEP_X_NEG,,STEP_YAW_NEG,Mode 2: Y-Yaw Plane
2026-05-28T14:06:29.938+00:00,30.49,12.41,Open_Palm,0.680,STEP_X_NEG,,STEP_YAW_NEG,Mode 2: Y-Yaw Plane
2026-05-28T14:06:29.974+00:00,30.49,13.23,Open_Palm,0.681,STEP_X_NEG,,STEP_YAW_NEG,Mode 2: Y-Yaw Plane
2026-05-28T14:06:30.008+00:00,30.30,12.12,Open_Palm,0.684,STEP_X_NEG,,STEP_YAW_NEG,Mode 2: Y-Yaw Plane
2026-05-28T14:06:30.042+00:00,30.38,12.44,Open_Palm,0.679,STEP_X_NEG,,STEP_YAW_NEG,Mode 2: Y-Yaw Plane
2026-05-28T14:06:30.078+00:00,30.06,17.20,Open_Palm,0.679,STEP_X_NEG,,STEP_YAW_NEG,Mode 2: Y-Yaw Plane
2026-05-28T14:06:30.111+00:00,30.02,14.97,Open_Palm,0.681,STEP_X_NEG,,STEP_YAW_NEG,Mode 2: Y-Yaw Plane
2026-05-28T14:06:30.141+00:00,30.38,12.54,Open_Palm,0.683,STEP_X_NEG,,STEP_YAW_NEG,Mode 2: Y-Yaw Plane
2026-05-28T14:06:30.174+00:00,30.38,13.49,Open_Palm,0.681,STEP_X_NEG,,STEP_YAW_NEG,Mode 2: Y-Yaw Plane
2026-05-28T14:06:30.209+00:00,30.24,12.02,Open_Palm,0.687,STEP_X_NEG,,STEP_YAW_NEG,Mode 2: Y-Yaw Plane
2026-05-28T14:06:30.242+00:00,30.24,13.25,Open_Palm,0.683,STEP_X_NEG,,STEP_YAW_NEG,Mode 2: Y-Yaw Plane
2026-05-28T14:06:30.275+00:00,30.25,14.11,Open_Palm,0.683,STEP_X_NEG,,STEP_YAW_NEG,Mode 2: Y-Yaw Plane
2026-05-28T14:06:30.308+00:00,30.19,11.88,Open_Palm,0.677,STEP_X_NEG,,STEP_YAW_NEG,Mode 2: Y-Yaw Plane
2026-05-28T14:06:30.341+00:00,30.22,12.53,Open_Palm,0.670,STEP_X_NEG,,STEP_YAW_NEG,Mode 2: Y-Yaw Plane
2026-05-28T14:06:30.375+00:00,30.27,13.16,Open_Palm,0.680,STEP_X_NEG,,STEP_YAW_NEG,Mode 2: Y-Yaw Plane
2026-05-28T14:06:30.410+00:00,29.83,15.97,Open_Palm,0.674,STEP_X_NEG,,STEP_YAW_NEG,Mode 2: Y-Yaw Plane
2026-05-28T14:06:30.442+00:00,30.30,12.67,Open_Palm,0.680,STEP_X_NEG,,STEP_YAW_NEG,Mode 2: Y-Yaw Plane
2026-05-28T14:06:30.475+00:00,30.37,13.05,Open_Palm,0.676,STEP_X_NEG,,STEP_YAW_NEG,Mode 2: Y-Yaw Plane
2026-05-28T14:06:30.509+00:00,30.19,12.07,Open_Palm,0.680,STEP_X_NEG,,STEP_YAW_NEG,Mode 2: Y-Yaw Plane
2026-05-28T14:06:30.541+00:00,30.23,12.65,Open_Palm,0.683,STEP_X_NEG,,STEP_YAW_NEG,Mode 2: Y-Yaw Plane
2026-05-28T14:06:30.576+00:00,30.13,14.98,Open_Palm,0.681,STEP_X_NEG,,STEP_YAW_NEG,Mode 2: Y-Yaw Plane
2026-05-28T14:06:30.612+00:00,29.89,15.18,Open_Palm,0.681,STEP_X_NEG,,STEP_YAW_NEG,Mode 2: Y-Yaw Plane
2026-05-28T14:06:30.645+00:00,29.98,15.39,Open_Palm,0.682,STEP_X_NEG,,STEP_YAW_NEG,Mode 2: Y-Yaw Plane
2026-05-28T14:06:30.674+00:00,30.08,15.83,Open_Palm,0.685,STEP_X_NEG,,STEP_YAW_NEG,Mode 2: Y-Yaw Plane
2026-05-28T14:06:30.710+00:00,29.97,14.43,Open_Palm,0.683,STEP_X_NEG,,STEP_YAW_NEG,Mode 2: Y-Yaw Plane
2026-05-28T14:06:30.741+00:00,30.02,15.18,Open_Palm,0.682,STEP_X_NEG,,STEP_YAW_NEG,Mode 2: Y-Yaw Plane
2026-05-28T14:06:30.774+00:00,30.37,12.91,Open_Palm,0.692,STEP_X_NEG,,STEP_YAW_NEG,Mode 2: Y-Yaw Plane
2026-05-28T14:06:30.806+00:00,30.43,13.27,Open_Palm,0.687,STEP_X_NEG,,STEP_YAW_NEG,Mode 2: Y-Yaw Plane
2026-05-28T14:06:30.844+00:00,30.03,15.05,Open_Palm,0.686,STEP_X_NEG,,STEP_YAW_NEG,Mode 2: Y-Yaw Plane
2026-05-28T14:06:30.871+00:00,30.37,13.01,Open_Palm,0.686,STEP_X_NEG,,STEP_YAW_NEG,Mode 2: Y-Yaw Plane
2026-05-28T14:06:30.907+00:00,30.17,16.28,Open_Palm,0.692,STEP_X_NEG,,STEP_YAW_NEG,Mode 2: Y-Yaw Plane
2026-05-28T14:06:30.938+00:00,30.25,12.44,Open_Palm,0.688,STEP_X_NEG,,STEP_YAW_NEG,Mode 2: Y-Yaw Plane
2026-05-28T14:06:30.974+00:00,30.05,15.98,Open_Palm,0.684,STEP_X_NEG,,STEP_YAW_NEG,Mode 2: Y-Yaw Plane
2026-05-28T14:06:31.003+00:00,30.40,13.86,Open_Palm,0.691,STEP_X_NEG,,STEP_YAW_NEG,Mode 2: Y-Yaw Plane
2026-05-28T14:06:31.042+00:00,30.06,14.73,Open_Palm,0.685,STEP_X_NEG,,STEP_YAW_NEG,Mode 2: Y-Yaw Plane
2026-05-28T14:06:31.073+00:00,30.15,15.13,Open_Palm,0.682,STEP_X_NEG,,STEP_YAW_NEG,Mode 2: Y-Yaw Plane
2026-05-28T14:06:31.106+00:00,30.47,13.25,Open_Palm,0.684,STEP_X_NEG,,STEP_YAW_NEG,Mode 2: Y-Yaw Plane
2026-05-28T14:06:31.144+00:00,30.05,15.05,Open_Palm,0.683,STEP_X_NEG,,STEP_YAW_NEG,Mode 2: Y-Yaw Plane
2026-05-28T14:06:31.176+00:00,30.17,15.14,Open_Palm,0.685,STEP_X_NEG,,STEP_YAW_NEG,Mode 2: Y-Yaw Plane
2026-05-28T14:06:31.206+00:00,30.38,14.19,Open_Palm,0.694,STEP_X_NEG,,STEP_YAW_NEG,Mode 2: Y-Yaw Plane
2026-05-28T14:06:31.238+00:00,30.27,12.17,Open_Palm,0.684,STEP_X_NEG,,STEP_YAW_NEG,Mode 2: Y-Yaw Plane
2026-05-28T14:06:31.272+00:00,30.23,13.82,Open_Palm,0.684,STEP_X_NEG,,STEP_YAW_NEG,Mode 2: Y-Yaw Plane
2026-05-28T14:06:31.303+00:00,30.36,13.51,Open_Palm,0.683,STEP_X_NEG,,STEP_YAW_NEG,Mode 2: Y-Yaw Plane
2026-05-28T14:06:31.337+00:00,30.23,11.79,Open_Palm,0.687,STEP_X_NEG,,STEP_YAW_NEG,Mode 2: Y-Yaw Plane
2026-05-28T14:06:31.371+00:00,30.23,12.99,Open_Palm,0.684,STEP_X_NEG,,STEP_YAW_NEG,Mode 2: Y-Yaw Plane
2026-05-28T14:06:31.402+00:00,30.34,12.95,Open_Palm,0.688,STEP_X_NEG,,STEP_YAW_NEG,Mode 2: Y-Yaw Plane
2026-05-28T14:06:31.438+00:00,30.15,12.02,Open_Palm,0.683,STEP_X_NEG,,STEP_YAW_NEG,Mode 2: Y-Yaw Plane
2026-05-28T14:06:31.470+00:00,30.20,12.56,Open_Palm,0.686,STEP_X_NEG,,STEP_YAW_NEG,Mode 2: Y-Yaw Plane
2026-05-28T14:06:31.503+00:00,30.22,13.67,Open_Palm,0.691,STEP_X_NEG,,STEP_YAW_NEG,Mode 2: Y-Yaw Plane
2026-05-28T14:06:31.542+00:00,29.98,13.58,Open_Palm,0.688,STEP_X_NEG,,STEP_YAW_NEG,Mode 2: Y-Yaw Plane
2026-05-28T14:06:31.571+00:00,30.17,12.86,Open_Palm,0.683,STEP_X_NEG,,STEP_YAW_NEG,Mode 2: Y-Yaw Plane
2026-05-28T14:06:31.605+00:00,30.08,15.21,Open_Palm,0.690,STEP_X_NEG,,STEP_YAW_NEG,Mode 2: Y-Yaw Plane
2026-05-28T14:06:31.634+00:00,30.47,12.64,Open_Palm,0.677,STEP_X_NEG,,STEP_YAW_NEG,Mode 2: Y-Yaw Plane
2026-05-28T14:06:31.670+00:00,30.21,12.49,Open_Palm,0.687,STEP_X_NEG,,STEP_YAW_NEG,Mode 2: Y-Yaw Plane
2026-05-28T14:06:31.705+00:00,30.31,12.61,Open_Palm,0.690,STEP_X_NEG,,STEP_YAW_NEG,Mode 2: Y-Yaw Plane
2026-05-28T14:06:31.740+00:00,30.17,15.15,Open_Palm,0.683,STEP_X_NEG,,STEP_YAW_NEG,Mode 2: Y-Yaw Plane
2026-05-28T14:06:31.774+00:00,29.89,15.58,Open_Palm,0.692,STEP_X_NEG,,STEP_YAW_NEG,Mode 2: Y-Yaw Plane
2026-05-28T14:06:31.803+00:00,30.30,13.14,Open_Palm,0.692,STEP_X_NEG,,STEP_YAW_NEG,Mode 2: Y-Yaw Plane
2026-05-28T14:06:31.834+00:00,30.41,12.91,Open_Palm,0.689,STEP_X_NEG,,STEP_YAW_NEG,Mode 2: Y-Yaw Plane
2026-05-28T14:06:31.870+00:00,30.25,11.58,Open_Palm,0.693,STEP_X_NEG,,STEP_YAW_NEG,Mode 2: Y-Yaw Plane
2026-05-28T14:06:31.902+00:00,30.24,12.81,Open_Palm,0.683,STEP_X_NEG,,STEP_YAW_NEG,Mode 2: Y-Yaw Plane
2026-05-28T14:06:31.938+00:00,30.15,14.86,Open_Palm,0.684,STEP_X_NEG,,STEP_YAW_NEG,Mode 2: Y-Yaw Plane
2026-05-28T14:06:31.976+00:00,29.89,14.94,Open_Palm,0.691,STEP_X_NEG,,STEP_YAW_NEG,Mode 2: Y-Yaw Plane
2026-05-28T14:06:32.008+00:00,29.98,15.75,Open_Palm,0.691,STEP_X_NEG,,STEP_YAW_NEG,Mode 2: Y-Yaw Plane
2026-05-28T14:06:32.037+00:00,30.43,12.68,Open_Palm,0.684,STEP_X_NEG,,STEP_YAW_NEG,Mode 2: Y-Yaw Plane
2026-05-28T14:06:32.071+00:00,30.15,12.81,Open_Palm,0.650,STEP_X_NEG,,STEP_YAW_NEG,Mode 2: Y-Yaw Plane
2026-05-28T14:06:32.105+00:00,30.05,15.19,Pointing_Up,0.659,STEP_X_NEG,,STEP_YAW_NEG,Mode 2: Y-Yaw Plane
2026-05-28T14:06:32.139+00:00,30.02,16.76,Pointing_Up,0.650,STEP_X_NEG,,STEP_YAW_NEG,Mode 2: Y-Yaw Plane
2026-05-28T14:06:32.170+00:00,30.15,12.69,Pointing_Up,0.515,,,,Mode 2: Y-Yaw Plane
2026-05-28T14:06:32.208+00:00,30.02,15.44,Pointing_Up,0.658,,,,Mode 2: Y-Yaw Plane
2026-05-28T14:06:32.238+00:00,30.07,16.22,Pointing_Up,0.711,,,,Mode 2: Y-Yaw Plane
2026-05-28T14:06:32.271+00:00,30.08,13.19,Pointing_Up,0.751,,,,Mode 2: Y-Yaw Plane
2026-05-28T14:06:32.303+00:00,30.17,13.60,Pointing_Up,0.753,,,,Mode 2: Y-Yaw Plane
2026-05-28T14:06:32.335+00:00,30.33,13.06,Pointing_Up,0.758,STEP_X_POS,STEP_X_POS,STEP_YAW_POS,Mode 2: Y-Yaw Plane
2026-05-28T14:06:32.373+00:00,29.94,14.89,Pointing_Up,0.769,STEP_X_POS,,STEP_YAW_POS,Mode 2: Y-Yaw Plane
2026-05-28T14:06:32.405+00:00,30.30,12.80,Pointing_Up,0.748,STEP_X_POS,,STEP_YAW_POS,Mode 2: Y-Yaw Plane
2026-05-28T14:06:32.438+00:00,30.18,15.08,Pointing_Up,0.745,STEP_X_POS,,STEP_YAW_POS,Mode 2: Y-Yaw Plane
2026-05-28T14:06:32.467+00:00,30.48,13.29,Pointing_Up,0.746,STEP_X_POS,,STEP_YAW_POS,Mode 2: Y-Yaw Plane
2026-05-28T14:06:32.503+00:00,30.19,13.54,Pointing_Up,0.741,STEP_X_POS,,STEP_YAW_POS,Mode 2: Y-Yaw Plane
2026-05-28T14:06:32.534+00:00,30.39,12.44,Pointing_Up,0.737,STEP_X_POS,,STEP_YAW_POS,Mode 2: Y-Yaw Plane
2026-05-28T14:06:32.566+00:00,30.45,12.79,Pointing_Up,0.751,STEP_X_POS,,STEP_YAW_POS,Mode 2: Y-Yaw Plane
2026-05-28T14:06:32.603+00:00,30.13,13.50,Pointing_Up,0.744,STEP_X_POS,,STEP_YAW_POS,Mode 2: Y-Yaw Plane
2026-05-28T14:06:32.636+00:00,30.11,14.96,Pointing_Up,0.755,STEP_X_POS,,STEP_YAW_POS,Mode 2: Y-Yaw Plane
2026-05-28T14:06:32.666+00:00,30.48,12.53,Pointing_Up,0.746,STEP_X_POS,,STEP_YAW_POS,Mode 2: Y-Yaw Plane
2026-05-28T14:06:32.703+00:00,30.16,13.08,Pointing_Up,0.749,STEP_X_POS,,STEP_YAW_POS,Mode 2: Y-Yaw Plane
2026-05-28T14:06:32.734+00:00,30.31,12.80,Pointing_Up,0.736,STEP_X_POS,,STEP_YAW_POS,Mode 2: Y-Yaw Plane
2026-05-28T14:06:32.769+00:00,30.36,13.18,Pointing_Up,0.736,STEP_X_POS,,STEP_YAW_POS,Mode 2: Y-Yaw Plane
2026-05-28T14:06:32.803+00:00,30.07,13.55,Pointing_Up,0.746,STEP_X_POS,,STEP_YAW_POS,Mode 2: Y-Yaw Plane
2026-05-28T14:06:32.835+00:00,30.22,13.27,Pointing_Up,0.742,STEP_X_POS,,STEP_YAW_POS,Mode 2: Y-Yaw Plane
2026-05-28T14:06:32.867+00:00,30.30,13.41,Pointing_Up,0.741,STEP_X_POS,,STEP_YAW_POS,Mode 2: Y-Yaw Plane
2026-05-28T14:06:32.902+00:00,30.09,13.06,Pointing_Up,0.747,STEP_X_POS,,STEP_YAW_POS,Mode 2: Y-Yaw Plane
2026-05-28T14:06:32.935+00:00,30.18,13.24,Pointing_Up,0.744,STEP_X_POS,,STEP_YAW_POS,Mode 2: Y-Yaw Plane
2026-05-28T14:06:32.967+00:00,30.26,13.59,Pointing_Up,0.746,STEP_X_POS,,STEP_YAW_POS,Mode 2: Y-Yaw Plane
2026-05-28T14:06:33.004+00:00,30.05,13.10,Pointing_Up,0.739,STEP_X_POS,,STEP_YAW_POS,Mode 2: Y-Yaw Plane
2026-05-28T14:06:33.035+00:00,30.10,13.64,Pointing_Up,0.752,STEP_X_POS,,STEP_YAW_POS,Mode 2: Y-Yaw Plane
2026-05-28T14:06:33.069+00:00,30.28,13.15,Pointing_Up,0.741,STEP_X_POS,,STEP_YAW_POS,Mode 2: Y-Yaw Plane
2026-05-28T14:06:33.106+00:00,29.98,13.79,Pointing_Up,0.743,STEP_X_POS,,STEP_YAW_POS,Mode 2: Y-Yaw Plane
2026-05-28T14:06:33.138+00:00,30.12,13.67,Pointing_Up,0.738,STEP_X_POS,,STEP_YAW_POS,Mode 2: Y-Yaw Plane
2026-05-28T14:06:33.172+00:00,30.06,15.64,Pointing_Up,0.736,STEP_X_POS,,STEP_YAW_POS,Mode 2: Y-Yaw Plane
2026-05-28T14:06:33.206+00:00,29.98,13.73,Pointing_Up,0.740,STEP_X_POS,,STEP_YAW_POS,Mode 2: Y-Yaw Plane
2026-05-28T14:06:33.240+00:00,29.96,15.39,Pointing_Up,0.744,STEP_X_POS,,STEP_YAW_POS,Mode 2: Y-Yaw Plane
2026-05-28T14:06:33.269+00:00,30.35,12.89,Pointing_Up,0.731,STEP_X_POS,,STEP_YAW_POS,Mode 2: Y-Yaw Plane
2026-05-28T14:06:33.304+00:00,30.21,15.37,Pointing_Up,0.738,STEP_X_POS,,STEP_YAW_POS,Mode 2: Y-Yaw Plane
2026-05-28T14:06:33.334+00:00,30.19,12.75,Pointing_Up,0.735,STEP_X_POS,,STEP_YAW_POS,Mode 2: Y-Yaw Plane
2026-05-28T14:06:33.370+00:00,30.06,15.37,Pointing_Up,0.735,STEP_X_POS,,STEP_YAW_POS,Mode 2: Y-Yaw Plane
2026-05-28T14:06:33.403+00:00,30.02,17.12,Pointing_Up,0.732,STEP_X_POS,,STEP_YAW_POS,Mode 2: Y-Yaw Plane
2026-05-28T14:06:33.434+00:00,30.15,13.02,Pointing_Up,0.724,STEP_X_POS,,STEP_YAW_POS,Mode 2: Y-Yaw Plane
2026-05-28T14:06:33.469+00:00,30.26,12.98,Pointing_Up,0.742,STEP_X_POS,,STEP_YAW_POS,Mode 2: Y-Yaw Plane
2026-05-28T14:06:33.503+00:00,30.20,14.77,Pointing_Up,0.748,STEP_X_POS,,STEP_YAW_POS,Mode 2: Y-Yaw Plane
2026-05-28T14:06:33.535+00:00,30.09,13.13,Pointing_Up,0.734,STEP_X_POS,,STEP_YAW_POS,Mode 2: Y-Yaw Plane
2026-05-28T14:06:33.566+00:00,30.24,12.79,Pointing_Up,0.738,STEP_X_POS,,STEP_YAW_POS,Mode 2: Y-Yaw Plane
2026-05-28T14:06:33.598+00:00,30.38,12.34,Pointing_Up,0.743,STEP_X_POS,,STEP_YAW_POS,Mode 2: Y-Yaw Plane
2026-05-28T14:06:33.640+00:00,29.91,15.26,Pointing_Up,0.743,STEP_X_POS,,STEP_YAW_POS,Mode 2: Y-Yaw Plane
2026-05-28T14:06:33.670+00:00,30.07,15.00,Pointing_Up,0.748,STEP_X_POS,,STEP_YAW_POS,Mode 2: Y-Yaw Plane
2026-05-28T14:06:33.700+00:00,30.21,14.85,Pointing_Up,0.743,STEP_X_POS,,STEP_YAW_POS,Mode 2: Y-Yaw Plane
2026-05-28T14:06:33.738+00:00,30.09,13.28,Pointing_Up,0.751,STEP_X_POS,,STEP_YAW_POS,Mode 2: Y-Yaw Plane
2026-05-28T14:06:33.769+00:00,30.27,12.68,Pointing_Up,0.747,STEP_X_POS,,STEP_YAW_POS,Mode 2: Y-Yaw Plane
2026-05-28T14:06:33.798+00:00,30.40,12.38,Pointing_Up,0.743,STEP_X_POS,,STEP_YAW_POS,Mode 2: Y-Yaw Plane
2026-05-28T14:06:33.840+00:00,29.80,17.27,Pointing_Up,0.735,STEP_X_POS,,STEP_YAW_POS,Mode 2: Y-Yaw Plane
2026-05-28T14:06:33.866+00:00,30.49,12.59,Pointing_Up,0.741,STEP_X_POS,,STEP_YAW_POS,Mode 2: Y-Yaw Plane
2026-05-28T14:06:33.898+00:00,30.58,12.35,Pointing_Up,0.740,STEP_X_POS,,STEP_YAW_POS,Mode 2: Y-Yaw Plane
2026-05-28T14:06:33.935+00:00,30.22,13.39,Pointing_Up,0.747,STEP_X_POS,,STEP_YAW_POS,Mode 2: Y-Yaw Plane
2026-05-28T14:06:33.967+00:00,30.34,13.31,Pointing_Up,0.742,STEP_X_POS,,STEP_YAW_POS,Mode 2: Y-Yaw Plane
2026-05-28T14:06:34.000+00:00,30.55,12.01,Pointing_Up,0.741,STEP_X_POS,,STEP_YAW_POS,Mode 2: Y-Yaw Plane
2026-05-28T14:06:34.038+00:00,30.17,13.38,Pointing_Up,0.739,STEP_X_POS,,STEP_YAW_POS,Mode 2: Y-Yaw Plane
2026-05-28T14:06:34.069+00:00,30.35,12.74,Pointing_Up,0.743,STEP_X_POS,,STEP_YAW_POS,Mode 2: Y-Yaw Plane
2026-05-28T14:06:34.102+00:00,30.25,14.76,Pointing_Up,0.747,STEP_X_POS,,STEP_YAW_POS,Mode 2: Y-Yaw Plane
2026-05-28T14:06:34.133+00:00,30.53,13.06,Pointing_Up,0.740,STEP_X_POS,,STEP_YAW_POS,Mode 2: Y-Yaw Plane
2026-05-28T14:06:34.169+00:00,30.35,11.82,Pointing_Up,0.741,STEP_X_POS,,STEP_YAW_POS,Mode 2: Y-Yaw Plane
2026-05-28T14:06:34.204+00:00,30.14,15.26,Pointing_Up,0.739,STEP_X_POS,,STEP_YAW_POS,Mode 2: Y-Yaw Plane
2026-05-28T14:06:34.230+00:00,30.55,12.43,Pointing_Up,0.746,STEP_X_POS,,STEP_YAW_POS,Mode 2: Y-Yaw Plane
2026-05-28T14:06:34.270+00:00,30.01,16.27,Pointing_Up,0.759,STEP_X_POS,,STEP_YAW_POS,Mode 2: Y-Yaw Plane
2026-05-28T14:06:34.298+00:00,30.55,12.50,Pointing_Up,0.717,STEP_X_POS,,STEP_YAW_POS,Mode 2: Y-Yaw Plane
2026-05-28T14:06:34.332+00:00,30.38,14.99,Pointing_Up,0.509,,,,Mode 2: Y-Yaw Plane
2026-05-28T14:06:34.371+00:00,30.18,14.38,None,0.984,,,,Mode 2: Y-Yaw Plane
2026-05-28T14:06:34.398+00:00,30.39,13.47,None,0.890,,,,Mode 2: Y-Yaw Plane
2026-05-28T14:06:34.431+00:00,30.43,13.83,None,0.925,,,,Mode 2: Y-Yaw Plane
2026-05-28T14:06:34.466+00:00,30.24,12.97,None,0.554,,,,Mode 2: Y-Yaw Plane
2026-05-28T14:06:34.498+00:00,30.32,13.04,Thumb_Up,0.611,,,,Mode 2: Y-Yaw Plane
2026-05-28T14:06:34.530+00:00,30.42,13.06,Thumb_Up,0.610,,,,Mode 2: Y-Yaw Plane
2026-05-28T14:06:34.566+00:00,30.17,12.84,Thumb_Up,0.655,,,,Mode 2: Y-Yaw Plane
2026-05-28T14:06:34.598+00:00,30.29,12.75,Thumb_Up,0.669,,,,Mode 2: Y-Yaw Plane
2026-05-28T14:06:34.630+00:00,30.39,12.71,Thumb_Up,0.667,STEP_Z_POS,STEP_Z_POS,STEP_Y_POS,Mode 2: Y-Yaw Plane
2026-05-28T14:06:34.667+00:00,30.03,13.99,Thumb_Up,0.668,STEP_Z_POS,,STEP_Y_POS,Mode 2: Y-Yaw Plane
2026-05-28T14:06:34.698+00:00,30.28,12.79,Thumb_Up,0.676,STEP_Z_POS,,STEP_Y_POS,Mode 2: Y-Yaw Plane
2026-05-28T14:06:34.731+00:00,30.34,13.19,Thumb_Up,0.692,STEP_Z_POS,,STEP_Y_POS,Mode 2: Y-Yaw Plane
2026-05-28T14:06:34.766+00:00,30.14,12.49,Thumb_Up,0.704,STEP_Z_POS,,STEP_Y_POS,Mode 2: Y-Yaw Plane
2026-05-28T14:06:34.798+00:00,30.24,12.51,Thumb_Up,0.702,STEP_Z_POS,,STEP_Y_POS,Mode 2: Y-Yaw Plane
2026-05-28T14:06:34.831+00:00,30.22,13.78,Thumb_Up,0.698,STEP_Z_POS,,STEP_Y_POS,Mode 2: Y-Yaw Plane
2026-05-28T14:06:34.865+00:00,30.16,11.59,Thumb_Up,0.697,STEP_Z_POS,,STEP_Y_POS,Mode 2: Y-Yaw Plane
2026-05-28T14:06:34.898+00:00,30.18,12.51,Thumb_Up,0.695,STEP_Z_POS,,STEP_Y_POS,Mode 2: Y-Yaw Plane
2026-05-28T14:06:34.930+00:00,30.31,12.28,Thumb_Up,0.693,STEP_Z_POS,,STEP_Y_POS,Mode 2: Y-Yaw Plane
2026-05-28T14:06:34.962+00:00,30.39,12.40,Thumb_Up,0.697,STEP_Z_POS,,STEP_Y_POS,Mode 2: Y-Yaw Plane
2026-05-28T14:06:35.003+00:00,29.98,14.46,Thumb_Up,0.698,STEP_Z_POS,,STEP_Y_POS,Mode 2: Y-Yaw Plane
2026-05-28T14:06:35.033+00:00,30.26,12.94,Thumb_Up,0.697,STEP_Z_POS,,STEP_Y_POS,Mode 2: Y-Yaw Plane
2026-05-28T14:06:35.065+00:00,30.39,12.66,Thumb_Up,0.698,STEP_Z_POS,,STEP_Y_POS,Mode 2: Y-Yaw Plane
2026-05-28T14:06:35.101+00:00,30.09,13.26,Thumb_Up,0.696,STEP_Z_POS,,STEP_Y_POS,Mode 2: Y-Yaw Plane
2026-05-28T14:06:35.133+00:00,30.24,12.74,Thumb_Up,0.695,STEP_Z_POS,,STEP_Y_POS,Mode 2: Y-Yaw Plane
2026-05-28T14:06:35.162+00:00,30.40,12.18,Thumb_Up,0.698,STEP_Z_POS,,STEP_Y_POS,Mode 2: Y-Yaw Plane
2026-05-28T14:06:35.198+00:00,30.12,12.47,Thumb_Up,0.697,STEP_Z_POS,,STEP_Y_POS,Mode 2: Y-Yaw Plane
2026-05-28T14:06:35.230+00:00,30.24,12.36,Thumb_Up,0.696,STEP_Z_POS,,STEP_Y_POS,Mode 2: Y-Yaw Plane
2026-05-28T14:06:35.263+00:00,30.27,13.09,Thumb_Up,0.699,STEP_Z_POS,,STEP_Y_POS,Mode 2: Y-Yaw Plane
2026-05-28T14:06:35.299+00:00,30.10,12.17,Thumb_Up,0.696,STEP_Z_POS,,STEP_Y_POS,Mode 2: Y-Yaw Plane
2026-05-28T14:06:35.330+00:00,30.17,12.53,Thumb_Up,0.691,STEP_Z_POS,,STEP_Y_POS,Mode 2: Y-Yaw Plane
2026-05-28T14:06:35.362+00:00,30.25,12.90,Thumb_Up,0.692,STEP_Z_POS,,STEP_Y_POS,Mode 2: Y-Yaw Plane
2026-05-28T14:06:35.401+00:00,30.04,12.36,Thumb_Up,0.695,STEP_Z_POS,,STEP_Y_POS,Mode 2: Y-Yaw Plane
2026-05-28T14:06:35.429+00:00,30.24,11.56,Thumb_Up,0.693,STEP_Z_POS,,STEP_Y_POS,Mode 2: Y-Yaw Plane
2026-05-28T14:06:35.465+00:00,30.27,12.31,Thumb_Up,0.693,STEP_Z_POS,,STEP_Y_POS,Mode 2: Y-Yaw Plane
2026-05-28T14:06:35.498+00:00,30.01,12.42,Thumb_Up,0.693,STEP_Z_POS,,STEP_Y_POS,Mode 2: Y-Yaw Plane
2026-05-28T14:06:35.530+00:00,30.14,12.37,Thumb_Up,0.694,STEP_Z_POS,,STEP_Y_POS,Mode 2: Y-Yaw Plane
2026-05-28T14:06:35.562+00:00,30.25,12.45,Thumb_Up,0.694,STEP_Z_POS,,STEP_Y_POS,Mode 2: Y-Yaw Plane
2026-05-28T14:06:35.603+00:00,29.80,15.24,Thumb_Up,0.695,STEP_Z_POS,,STEP_Y_POS,Mode 2: Y-Yaw Plane
2026-05-28T14:06:35.630+00:00,30.19,12.92,Thumb_Up,0.695,STEP_Z_POS,,STEP_Y_POS,Mode 2: Y-Yaw Plane
2026-05-28T14:06:35.667+00:00,30.11,14.91,Thumb_Up,0.692,STEP_Z_POS,,STEP_Y_POS,Mode 2: Y-Yaw Plane
2026-05-28T14:06:35.704+00:00,29.84,15.44,Thumb_Up,0.694,STEP_Z_POS,,STEP_Y_POS,Mode 2: Y-Yaw Plane
2026-05-28T14:06:35.736+00:00,29.98,15.41,Thumb_Up,0.694,STEP_Z_POS,,STEP_Y_POS,Mode 2: Y-Yaw Plane
2026-05-28T14:06:35.767+00:00,30.16,14.90,Thumb_Up,0.694,STEP_Z_POS,,STEP_Y_POS,Mode 2: Y-Yaw Plane
2026-05-28T14:06:35.799+00:00,30.23,15.34,Thumb_Up,0.694,STEP_Z_POS,,STEP_Y_POS,Mode 2: Y-Yaw Plane
2026-05-28T14:06:35.835+00:00,29.98,15.33,Thumb_Up,0.689,STEP_Z_POS,,STEP_Y_POS,Mode 2: Y-Yaw Plane
2026-05-28T14:06:35.867+00:00,30.10,15.43,Thumb_Up,0.689,STEP_Z_POS,,STEP_Y_POS,Mode 2: Y-Yaw Plane
2026-05-28T14:06:35.894+00:00,30.50,12.76,Thumb_Up,0.689,STEP_Z_POS,,STEP_Y_POS,Mode 2: Y-Yaw Plane
2026-05-28T14:06:35.930+00:00,30.24,12.57,Thumb_Up,0.689,STEP_Z_POS,,STEP_Y_POS,Mode 2: Y-Yaw Plane
2026-05-28T14:06:35.965+00:00,30.08,15.58,Thumb_Up,0.686,STEP_Z_POS,,STEP_Y_POS,Mode 2: Y-Yaw Plane
2026-05-28T14:06:35.995+00:00,30.43,13.31,Thumb_Up,0.686,STEP_Z_POS,,STEP_Y_POS,Mode 2: Y-Yaw Plane
2026-05-28T14:06:36.030+00:00,30.24,12.36,Thumb_Up,0.691,STEP_Z_POS,,STEP_Y_POS,Mode 2: Y-Yaw Plane
2026-05-28T14:06:36.062+00:00,30.32,12.58,Thumb_Up,0.687,STEP_Z_POS,,STEP_Y_POS,Mode 2: Y-Yaw Plane
2026-05-28T14:06:36.094+00:00,30.40,12.70,Thumb_Up,0.678,STEP_Z_POS,,STEP_Y_POS,Mode 2: Y-Yaw Plane
2026-05-28T14:06:36.132+00:00,29.98,14.83,Thumb_Up,0.683,STEP_Z_POS,,STEP_Y_POS,Mode 2: Y-Yaw Plane
2026-05-28T14:06:36.162+00:00,30.34,12.61,Thumb_Up,0.680,STEP_Z_POS,,STEP_Y_POS,Mode 2: Y-Yaw Plane
2026-05-28T14:06:36.199+00:00,30.25,14.67,Thumb_Up,0.683,STEP_Z_POS,,STEP_Y_POS,Mode 2: Y-Yaw Plane
2026-05-28T14:06:36.232+00:00,30.03,14.29,Thumb_Up,0.681,STEP_Z_POS,,STEP_Y_POS,Mode 2: Y-Yaw Plane
2026-05-28T14:06:36.265+00:00,30.19,13.88,Thumb_Up,0.682,STEP_Z_POS,,STEP_Y_POS,Mode 2: Y-Yaw Plane
2026-05-28T14:06:36.295+00:00,30.33,13.55,Thumb_Up,0.685,STEP_Z_POS,,STEP_Y_POS,Mode 2: Y-Yaw Plane
2026-05-28T14:06:36.330+00:00,30.15,12.63,Thumb_Up,0.686,STEP_Z_POS,,STEP_Y_POS,Mode 2: Y-Yaw Plane
2026-05-28T14:06:36.362+00:00,30.22,13.08,Thumb_Up,0.677,STEP_Z_POS,,STEP_Y_POS,Mode 2: Y-Yaw Plane
2026-05-28T14:06:36.394+00:00,30.37,12.59,Thumb_Up,0.661,STEP_Z_POS,,STEP_Y_POS,Mode 2: Y-Yaw Plane
2026-05-28T14:06:36.430+00:00,30.08,12.89,Thumb_Up,0.632,STEP_Z_POS,,STEP_Y_POS,Mode 2: Y-Yaw Plane
2026-05-28T14:06:36.467+00:00,29.98,15.35,Thumb_Up,0.596,,,,Mode 2: Y-Yaw Plane
2026-05-28T14:06:36.495+00:00,30.29,13.55,Thumb_Up,0.575,,,,Mode 2: Y-Yaw Plane
2026-05-28T14:06:36.530+00:00,30.10,12.76,None,0.608,,,,Mode 2: Y-Yaw Plane
2026-05-28T14:06:36.562+00:00,30.22,12.78,None,0.826,,,,Mode 2: Y-Yaw Plane
2026-05-28T14:06:36.595+00:00,30.34,12.57,None,0.648,,,,Mode 2: Y-Yaw Plane
2026-05-28T14:06:36.626+00:00,30.42,12.68,None,0.482,,,,Mode 2: Y-Yaw Plane
2026-05-28T14:06:36.662+00:00,30.14,12.85,Thumb_Down,0.845,,,,Mode 2: Y-Yaw Plane
2026-05-28T14:06:36.696+00:00,30.26,12.85,Thumb_Down,0.932,,,,Mode 2: Y-Yaw Plane
2026-05-28T14:06:36.726+00:00,30.39,12.47,Thumb_Down,0.957,,,,Mode 2: Y-Yaw Plane
2026-05-28T14:06:36.761+00:00,30.20,11.62,Thumb_Down,0.951,,,,Mode 2: Y-Yaw Plane
2026-05-28T14:06:36.797+00:00,30.18,12.93,Thumb_Down,0.962,STEP_Z_NEG,STEP_Z_NEG,STEP_Y_NEG,Mode 2: Y-Yaw Plane
2026-05-28T14:06:36.829+00:00,30.25,13.25,Thumb_Down,0.955,STEP_Z_NEG,,STEP_Y_NEG,Mode 2: Y-Yaw Plane
2026-05-28T14:06:36.865+00:00,30.04,12.84,Thumb_Down,0.959,STEP_Z_NEG,,STEP_Y_NEG,Mode 2: Y-Yaw Plane
2026-05-28T14:06:36.897+00:00,30.20,12.45,Thumb_Down,0.952,STEP_Z_NEG,,STEP_Y_NEG,Mode 2: Y-Yaw Plane
2026-05-28T14:06:36.928+00:00,30.33,12.19,Thumb_Down,0.949,STEP_Z_NEG,,STEP_Y_NEG,Mode 2: Y-Yaw Plane
2026-05-28T14:06:36.962+00:00,30.07,12.24,Thumb_Down,0.931,STEP_Z_NEG,,STEP_Y_NEG,Mode 2: Y-Yaw Plane
2026-05-28T14:06:36.994+00:00,30.14,12.70,Thumb_Down,0.935,STEP_Z_NEG,,STEP_Y_NEG,Mode 2: Y-Yaw Plane
2026-05-28T14:06:37.026+00:00,30.28,12.42,Thumb_Down,0.917,STEP_Z_NEG,,STEP_Y_NEG,Mode 2: Y-Yaw Plane
2026-05-28T14:06:37.063+00:00,29.96,13.30,Thumb_Down,0.915,STEP_Z_NEG,,STEP_Y_NEG,Mode 2: Y-Yaw Plane
2026-05-28T14:06:37.094+00:00,30.17,12.55,Thumb_Down,0.882,STEP_Z_NEG,,STEP_Y_NEG,Mode 2: Y-Yaw Plane
2026-05-28T14:06:37.126+00:00,30.28,12.48,Thumb_Down,0.854,STEP_Z_NEG,,STEP_Y_NEG,Mode 2: Y-Yaw Plane
2026-05-28T14:06:37.162+00:00,30.03,12.48,Thumb_Down,0.867,STEP_Z_NEG,,STEP_Y_NEG,Mode 2: Y-Yaw Plane
2026-05-28T14:06:37.194+00:00,30.18,12.24,Thumb_Down,0.880,STEP_Z_NEG,,STEP_Y_NEG,Mode 2: Y-Yaw Plane
2026-05-28T14:06:37.229+00:00,30.25,12.52,Thumb_Down,0.890,STEP_Z_NEG,,STEP_Y_NEG,Mode 2: Y-Yaw Plane
2026-05-28T14:06:37.268+00:00,29.82,15.25,Thumb_Down,0.881,STEP_Z_NEG,,STEP_Y_NEG,Mode 2: Y-Yaw Plane
2026-05-28T14:06:37.297+00:00,29.95,15.31,Thumb_Down,0.895,STEP_Z_NEG,,STEP_Y_NEG,Mode 2: Y-Yaw Plane
2026-05-28T14:06:37.326+00:00,30.36,12.67,Thumb_Down,0.874,STEP_Z_NEG,,STEP_Y_NEG,Mode 2: Y-Yaw Plane
2026-05-28T14:06:37.364+00:00,29.95,14.70,Thumb_Down,0.896,STEP_Z_NEG,,STEP_Y_NEG,Mode 2: Y-Yaw Plane
2026-05-28T14:06:37.397+00:00,30.03,15.24,Thumb_Down,0.896,STEP_Z_NEG,,STEP_Y_NEG,Mode 2: Y-Yaw Plane
2026-05-28T14:06:37.429+00:00,30.09,15.81,Thumb_Down,0.878,STEP_Z_NEG,,STEP_Y_NEG,Mode 2: Y-Yaw Plane
2026-05-28T14:06:37.461+00:00,30.60,12.26,Thumb_Down,0.881,STEP_Z_NEG,,STEP_Y_NEG,Mode 2: Y-Yaw Plane
2026-05-28T14:06:37.494+00:00,30.29,12.66,Thumb_Down,0.870,STEP_Z_NEG,,STEP_Y_NEG,Mode 2: Y-Yaw Plane
2026-05-28T14:06:37.526+00:00,30.36,12.88,Thumb_Down,0.896,STEP_Z_NEG,,STEP_Y_NEG,Mode 2: Y-Yaw Plane
2026-05-28T14:06:37.561+00:00,30.54,12.04,Thumb_Down,0.886,STEP_Z_NEG,,STEP_Y_NEG,Mode 2: Y-Yaw Plane
2026-05-28T14:06:37.600+00:00,30.00,15.87,Thumb_Down,0.881,STEP_Z_NEG,,STEP_Y_NEG,Mode 2: Y-Yaw Plane
2026-05-28T14:06:37.629+00:00,30.20,14.98,Thumb_Down,0.886,STEP_Z_NEG,,STEP_Y_NEG,Mode 2: Y-Yaw Plane
2026-05-28T14:06:37.661+00:00,30.62,12.15,Thumb_Down,0.889,STEP_Z_NEG,,STEP_Y_NEG,Mode 2: Y-Yaw Plane
2026-05-28T14:06:37.699+00:00,30.16,14.48,Thumb_Down,0.895,STEP_Z_NEG,,STEP_Y_NEG,Mode 2: Y-Yaw Plane
2026-05-28T14:06:37.729+00:00,30.41,13.09,Thumb_Down,0.881,STEP_Z_NEG,,STEP_Y_NEG,Mode 2: Y-Yaw Plane
2026-05-28T14:06:37.759+00:00,30.42,13.97,Thumb_Down,0.888,STEP_Z_NEG,,STEP_Y_NEG,Mode 2: Y-Yaw Plane
2026-05-28T14:06:37.797+00:00,30.04,15.39,Thumb_Down,0.875,STEP_Z_NEG,,STEP_Y_NEG,Mode 2: Y-Yaw Plane
2026-05-28T14:06:37.832+00:00,30.16,15.40,Thumb_Down,0.886,STEP_Z_NEG,,STEP_Y_NEG,Mode 2: Y-Yaw Plane
2026-05-28T14:06:37.861+00:00,30.52,13.14,Thumb_Down,0.863,STEP_Z_NEG,,STEP_Y_NEG,Mode 2: Y-Yaw Plane
2026-05-28T14:06:37.897+00:00,30.28,12.63,Thumb_Down,0.888,STEP_Z_NEG,,STEP_Y_NEG,Mode 2: Y-Yaw Plane
2026-05-28T14:06:37.930+00:00,30.24,14.06,Thumb_Down,0.868,STEP_Z_NEG,,STEP_Y_NEG,Mode 2: Y-Yaw Plane
2026-05-28T14:06:37.964+00:00,30.15,16.21,Thumb_Down,0.857,STEP_Z_NEG,,STEP_Y_NEG,Mode 2: Y-Yaw Plane
2026-05-28T14:06:37.999+00:00,29.98,15.36,Thumb_Down,0.820,STEP_Z_NEG,,STEP_Y_NEG,Mode 2: Y-Yaw Plane
2026-05-28T14:06:38.031+00:00,30.11,15.30,Thumb_Down,0.591,,,,Mode 2: Y-Yaw Plane
2026-05-28T14:06:38.058+00:00,30.45,13.07,None,0.800,,,,Mode 2: Y-Yaw Plane
2026-05-28T14:06:38.095+00:00,30.09,14.50,None,0.758,,,,Mode 2: Y-Yaw Plane
2026-05-28T14:06:38.126+00:00,30.35,12.90,None,0.764,,,,Mode 2: Y-Yaw Plane
2026-05-28T14:06:38.160+00:00,30.22,15.38,None,0.828,,,,Mode 2: Y-Yaw Plane
2026-05-28T14:06:38.193+00:00,30.29,11.84,None,0.761,,,,Mode 2: Y-Yaw Plane
2026-05-28T14:06:38.225+00:00,30.37,11.97,None,0.782,,,,Mode 2: Y-Yaw Plane
2026-05-28T14:06:38.259+00:00,30.32,13.31,None,0.764,,,,Mode 2: Y-Yaw Plane
2026-05-28T14:06:38.289+00:00,30.58,11.56,None,0.703,,,,Mode 2: Y-Yaw Plane
2026-05-28T14:06:38.326+00:00,30.17,13.47,None,0.564,,,,Mode 2: Y-Yaw Plane
2026-05-28T14:06:38.358+00:00,30.34,12.92,,0.000,,,,Mode 2: Y-Yaw Plane
2026-05-28T14:06:38.397+00:00,30.05,17.14,,0.000,,,,Mode 2: Y-Yaw Plane
2026-05-28T14:06:38.433+00:00,29.67,19.39,,0.000,,,,Mode 2: Y-Yaw Plane
2026-05-28T14:06:38.464+00:00,29.92,18.48,,0.000,,,,Mode 2: Y-Yaw Plane
2026-05-28T14:06:38.496+00:00,30.02,18.75,,0.000,,,,Mode 2: Y-Yaw Plane
2026-05-28T14:06:38.532+00:00,29.82,18.51,,0.000,,,,Mode 2: Y-Yaw Plane
2026-05-28T14:06:38.576+00:00,29.09,30.90,,0.000,,,,Mode 2: Y-Yaw Plane
2026-05-28T14:06:38.617+00:00,28.60,35.24,,0.000,,,,Mode 2: Y-Yaw Plane
2026-05-28T14:06:38.658+00:00,28.18,32.94,,0.000,,,,Mode 2: Y-Yaw Plane
2026-05-28T14:06:38.702+00:00,27.63,25.11,,0.000,,,,Mode 2: Y-Yaw Plane
2026-05-28T14:06:38.746+00:00,27.13,33.62,,0.000,,,,Mode 2: Y-Yaw Plane
2026-05-28T14:06:38.783+00:00,27.18,29.87,,0.000,,,,Mode 2: Y-Yaw Plane
2026-05-28T14:06:38.842+00:00,26.14,29.19,,0.000,,,,Mode 2: Y-Yaw Plane
2026-05-28T14:06:38.885+00:00,26.00,33.24,,0.000,,,,Mode 2: Y-Yaw Plane
2026-05-28T14:06:38.923+00:00,26.04,28.49,,0.000,,,,Mode 2: Y-Yaw Plane
2026-05-28T14:06:38.975+00:00,25.28,29.56,,0.000,,,,Mode 2: Y-Yaw Plane
2026-05-28T14:06:39.012+00:00,25.63,28.36,,0.000,,,,Mode 2: Y-Yaw Plane
2026-05-28T14:06:39.052+00:00,25.60,30.81,,0.000,,,,Mode 2: Y-Yaw Plane
2026-05-28T14:06:39.110+00:00,24.69,32.60,,0.000,,,,Mode 2: Y-Yaw Plane
2026-05-28T14:06:39.144+00:00,25.13,27.74,,0.000,,,,Mode 2: Y-Yaw Plane
2026-05-28T14:06:39.184+00:00,25.14,33.23,,0.000,,,,Mode 2: Y-Yaw Plane
2026-05-28T14:06:39.221+00:00,25.38,29.66,,0.000,,,,Mode 2: Y-Yaw Plane
2026-05-28T14:06:39.281+00:00,24.55,33.34,,0.000,,,,Mode 2: Y-Yaw Plane
2026-05-28T14:06:39.320+00:00,24.67,30.32,,0.000,,,,Mode 2: Y-Yaw Plane
2026-05-28T14:06:39.375+00:00,24.02,27.41,,0.000,,,,Mode 2: Y-Yaw Plane
2026-05-28T14:06:39.412+00:00,24.29,28.72,,0.000,,,,Mode 2: Y-Yaw Plane
2026-05-28T14:06:39.449+00:00,24.52,28.47,,0.000,,,,Mode 2: Y-Yaw Plane
2026-05-28T14:06:39.506+00:00,23.86,26.22,,0.000,,,,Mode 2: Y-Yaw Plane
2026-05-28T14:06:39.549+00:00,23.78,33.28,,0.000,,,,Mode 2: Y-Yaw Plane
2026-05-28T14:06:39.588+00:00,23.98,29.34,,0.000,,,,Mode 2: Y-Yaw Plane
2026-05-28T14:06:39.634+00:00,23.63,25.25,,0.000,,,,Mode 2: Y-Yaw Plane
2026-05-28T14:06:39.671+00:00,24.06,25.10,,0.000,,,,Mode 2: Y-Yaw Plane
2026-05-28T14:06:39.708+00:00,24.31,30.28,,0.000,,,,Mode 2: Y-Yaw Plane
2026-05-28T14:06:39.742+00:00,24.84,27.26,,0.000,,,,Mode 2: Y-Yaw Plane
2026-05-28T14:06:39.776+00:00,25.29,27.85,,0.000,,,,Mode 2: Y-Yaw Plane
